,ds,y_actual,yhat
0,2017-01-19,899.072998046875,1657.8446
1,2017-01-20,895.0260009765625,1664.1198
2,2017-01-21,921.7890014648438,1672.9846
3,2017-01-22,924.6729736328125,1680.9248
4,2017-01-23,921.0120239257812,1686.8689
5,2017-01-24,892.68701171875,1686.9799
6,2017-01-25,901.5419921875,1686.3743
7,2017-01-26,917.5859985351562,1687.9521
8,2017-01-27,919.75,1690.6333
9,2017-01-28,921.5900268554688,1694.042
10,2017-01-29,919.4959716796875,1697.0242
11,2017-01-30,920.3820190429688,1699.7338
12,2017-01-31,970.4030151367188,1710.0186
13,2017-02-01,989.0230102539062,1723.4873
14,2017-02-02,1011.7999877929688,1739.468
15,2017-02-03,1029.9100341796875,1755.9884
16,2017-02-04,1042.9000244140625,1771.5293
17,2017-02-05,1027.3399658203125,1780.7224
18,2017-02-06,1038.1500244140625,1788.8097
19,2017-02-07,1061.3499755859375,1798.3792
20,2017-02-08,1063.0699462890625,1806.4896
21,2017-02-09,994.3829956054688,1800.2428
22,2017-02-10,988.6740112304688,1791.3844
23,2017-02-11,1004.4500122070312,1785.9056
24,2017-02-12,999.1810302734375,1781.1573
25,2017-02-13,990.6420288085938,1776.2288
26,2017-02-14,1004.5499877929688,1775.2407
27,2017-02-15,1007.47998046875,1776.1085
28,2017-02-16,1027.43994140625,1781.0509
29,2017-02-17,1046.2099609375,1789.2666
30,2017-02-18,1054.4200439453125,1797.9523
31,2017-02-19,1047.8699951171875,1803.6779
32,2017-02-20,1079.97998046875,1813.463
33,2017-02-21,1115.300048828125,1828.1135
34,2017-02-22,1117.43994140625,1841.3019
35,2017-02-23,1166.719970703125,1860.7378
36,2017-02-24,1173.6800537109375,1878.773
37,2017-02-25,1143.8399658203125,1887.6082
38,2017-02-26,1165.199951171875,1896.6835
39,2017-02-27,1179.969970703125,1906.3291
40,2017-02-28,1179.969970703125,1914.0826
41,2017-03-01,1222.5,1927.2808
42,2017-03-02,1251.010009765625,1944.2793
43,2017-03-03,1274.989990234375,1963.607
44,2017-03-04,1255.1500244140625,1976.1611
45,2017-03-05,1267.1199951171875,1986.956
46,2017-03-06,1272.8299560546875,1995.7788
47,2017-03-07,1223.5400390625,1992.9844
48,2017-03-08,1150.0,1974.6049
49,2017-03-09,1188.489990234375,1962.8821
50,2017-03-10,1116.719970703125,1940.7517
51,2017-03-11,1175.8299560546875,1931.9486
52,2017-03-12,1221.3800048828125,1936.0746
53,2017-03-13,1231.9200439453125,1945.3022
54,2017-03-14,1240.0,1956.3794
55,2017-03-15,1249.6099853515625,1968.1396
56,2017-03-16,1187.81005859375,1966.1466
57,2017-03-17,1100.22998046875,1944.829
58,2017-03-18,973.8179931640625,1899.3251
59,2017-03-19,1036.739990234375,1867.5808
60,2017-03-20,1054.22998046875,1846.5988
61,2017-03-21,1120.5400390625,1845.4604
62,2017-03-22,1049.1400146484375,1837.4618
63,2017-03-23,1038.5899658203125,1829.7905
64,2017-03-24,937.52001953125,1805.4441
65,2017-03-25,972.7789916992188,1789.0529
66,2017-03-26,966.7249755859375,1775.5221
67,2017-03-27,1045.77001953125,1779.3894
68,2017-03-28,1047.1500244140625,1786.0331
69,2017-03-29,1039.969970703125,1791.7233
70,2017-03-30,1026.4300537109375,1793.1062
71,2017-03-31,1071.7900390625,1801.737
72,2017-04-01,1080.5,1811.6753
73,2017-04-02,1102.1700439453125,1824.3616
74,2017-04-03,1143.81005859375,1843.1366
75,2017-04-04,1133.25,1857.9646
76,2017-04-05,1124.780029296875,1867.3661
77,2017-04-06,1182.6800537109375,1883.3782
78,2017-04-07,1176.9000244140625,1895.3635
79,2017-04-08,1175.949951171875,1904.9845
80,2017-04-09,1187.8699951171875,1914.5873
81,2017-04-10,1187.1300048828125,1922.6305
82,2017-04-11,1205.010009765625,1931.556
83,2017-04-12,1200.3699951171875,1937.9153
84,2017-04-13,1169.2800292968752,1936.093
85,2017-04-14,1167.5400390625,1932.7339
86,2017-04-15,1172.52001953125,1930.0975
87,2017-04-16,1182.93994140625,1930.4595
88,2017-04-17,1193.9100341796875,1933.3608
89,2017-04-18,1211.6700439453125,1939.5475
90,2017-04-19,1210.2900390625,1944.969
91,2017-04-20,1229.0799560546875,1952.974
92,2017-04-21,1222.050048828125,1958.4233
93,2017-04-22,1231.7099609375,1964.0228
94,2017-04-23,1207.2099609375,1963.8829
95,2017-04-24,1250.1500244140625,1969.9663
96,2017-04-25,1265.489990234375,1978.4065
97,2017-04-26,1281.0799560546875,1989.1469
98,2017-04-27,1317.72998046875,2005.0068
99,2017-04-28,1316.47998046875,2018.6863
100,2017-04-29,1321.7900390625,2030.5087
101,2017-04-30,1347.8900146484375,2044.2122
102,2017-05-01,1421.5999755859375,2069.0103
103,2017-05-02,1452.8199462890625,2096.846
104,2017-05-03,1490.0899658203125,2126.893
105,2017-05-04,1537.6700439453125,2160.2356
106,2017-05-05,1555.449951171875,2190.7634
107,2017-05-06,1578.800048828125,2218.7998
108,2017-05-07,1596.7099609375,2243.5715
109,2017-05-08,1723.3499755859375,2285.7754
110,2017-05-09,1755.3599853515625,2328.733
111,2017-05-10,1787.1300048828125,2370.083
112,2017-05-11,1848.5699462890625,2414.1416
113,2017-05-12,1724.239990234375,2426.3428
114,2017-05-13,1804.9100341796875,2443.8865
115,2017-05-14,1808.9100341796875,2457.9346
116,2017-05-15,1738.4300537109375,2455.172
117,2017-05-16,1734.449951171875,2448.6418
118,2017-05-17,1839.0899658203127,2461.4907
119,2017-05-18,1888.6500244140625,2484.832
120,2017-05-19,1987.7099609375,2525.509
121,2017-05-20,2084.72998046875,2580.9028
122,2017-05-21,2041.199951171875,2621.3792
123,2017-05-22,2173.39990234375,2675.7275
124,2017-05-23,2320.419921875,2748.1096
125,2017-05-24,2443.639892578125,2832.6233
126,2017-05-25,2304.97998046875,2876.134
127,2017-05-26,2202.419921875,2882.1765
128,2017-05-27,2038.8699951171875,2844.6968
129,2017-05-28,2155.800048828125,2825.4062
130,2017-05-29,2255.610107421875,2830.2615
131,2017-05-30,2175.469970703125,2826.1501
132,2017-05-31,2286.409912109375,2845.4785
133,2017-06-01,2407.8798828125,2889.029
134,2017-06-02,2488.550048828125,2946.9177
135,2017-06-03,2515.35009765625,3002.634
136,2017-06-04,2511.81005859375,3045.3496
137,2017-06-05,2686.81005859375,3108.347
138,2017-06-06,2863.199951171875,3194.5889
139,2017-06-07,2732.159912109375,3242.309
140,2017-06-08,2805.6201171875,3286.5178
141,2017-06-09,2823.81005859375,3321.2905
142,2017-06-10,2947.7099609375,3368.8481
143,2017-06-11,2958.110107421875,3411.8188
144,2017-06-12,2659.6298828125,3389.622
145,2017-06-13,2717.02001953125,3370.6328
146,2017-06-14,2506.3701171874995,3311.2568
147,2017-06-15,2464.580078125,3247.072
148,2017-06-16,2518.56005859375,3203.0117
149,2017-06-17,2655.8798828125,3200.0715
150,2017-06-18,2548.2900390625,3188.5322
151,2017-06-19,2589.60009765625,3187.878
152,2017-06-20,2721.7900390625,3215.6025
153,2017-06-21,2689.10009765625,3237.7854
154,2017-06-22,2705.409912109375,3257.9575
155,2017-06-23,2744.909912109375,3279.1885
156,2017-06-24,2608.719970703125,3267.9414
157,2017-06-25,2589.409912109375,3248.154
158,2017-06-26,2478.449951171875,3207.343
159,2017-06-27,2552.449951171875,3182.2893
160,2017-06-28,2574.7900390625,3169.9985
161,2017-06-29,2539.320068359375,3158.6133
162,2017-06-30,2480.840087890625,3142.293
163,2017-07-01,2434.550048828125,3120.9849
164,2017-07-02,2506.469970703125,3115.198
165,2017-07-03,2564.06005859375,3125.536
166,2017-07-04,2601.639892578125,3143.5574
167,2017-07-05,2601.989990234375,3160.2146
168,2017-07-06,2608.56005859375,3174.8857
169,2017-07-07,2518.659912109375,3168.8164
170,2017-07-08,2571.340087890625,3167.6055
171,2017-07-09,2518.43994140625,3156.1343
172,2017-07-10,2372.56005859375,3117.849
173,2017-07-11,2337.7900390625,3074.5771
174,2017-07-12,2398.840087890625,3050.0156
175,2017-07-13,2357.89990234375,3027.3298
176,2017-07-14,2233.340087890625,2987.1157
177,2017-07-15,1998.8599853515627,2908.2312
178,2017-07-16,1929.8199462890627,2823.4094
179,2017-07-17,2228.409912109375,2809.8914
180,2017-07-18,2318.8798828125,2831.4067
181,2017-07-19,2273.429931640625,2851.7737
182,2017-07-20,2817.60009765625,2973.451
183,2017-07-21,2667.760009765625,3062.9387
184,2017-07-22,2810.1201171875,3159.6023
185,2017-07-23,2730.39990234375,3220.082
186,2017-07-24,2754.860107421875,3262.982
187,2017-07-25,2576.47998046875,3254.7673
188,2017-07-26,2529.449951171875,3225.7827
189,2017-07-27,2671.780029296875,3221.9407
190,2017-07-28,2809.010009765625,3250.695
191,2017-07-29,2726.449951171875,3267.7034
192,2017-07-30,2757.179931640625,3288.4507
193,2017-07-31,2875.340087890625,3330.4622
194,2017-08-01,2718.260009765625,3340.2332
195,2017-08-02,2710.669921875,3340.9355
196,2017-08-03,2804.72998046875,3354.158
197,2017-08-04,2895.889892578125,3380.79
198,2017-08-05,3252.909912109375,3472.741
199,2017-08-06,3213.93994140625,3553.973
200,2017-08-07,3378.93994140625,3651.2
201,2017-08-08,3419.93994140625,3738.2014
202,2017-08-09,3342.469970703125,3793.1592
203,2017-08-10,3381.280029296875,3834.0667
204,2017-08-11,3650.6201171875,3914.5093
205,2017-08-12,3884.7099609375,4030.5554
206,2017-08-13,4073.260009765625,4169.7373
207,2017-08-14,4325.1298828125,4336.2886
208,2017-08-15,4181.930175781251,4446.267
209,2017-08-16,4376.6298828125,4562.3726
210,2017-08-17,4331.68994140625,4642.6147
211,2017-08-18,4160.6201171875,4661.1978
212,2017-08-19,4193.7001953125,4666.633
213,2017-08-20,4087.659912109375,4642.7656
214,2017-08-21,4001.739990234375,4597.5205
215,2017-08-22,4100.52001953125,4576.03
216,2017-08-23,4151.52001953125,4574.8076
217,2017-08-24,4334.68017578125,4618.637
218,2017-08-25,4371.60009765625,4675.6035
219,2017-08-26,4352.39990234375,4722.0156
220,2017-08-27,4382.8798828125,4763.768
221,2017-08-28,4382.66015625,4792.4473
222,2017-08-29,4579.02001953125,4847.5015
223,2017-08-30,4565.2998046875,4889.8125
224,2017-08-31,4703.39013671875,4949.3525
225,2017-09-01,4892.009765625,5037.7227
226,2017-09-02,4578.77001953125,5050.0327
227,2017-09-03,4582.9599609375,5047.234
228,2017-09-04,4236.31005859375,4965.2515
229,2017-09-05,4376.52978515625,4913.2104
230,2017-09-06,4597.1201171875,4919.44
231,2017-09-07,4599.8798828125,4938.895
232,2017-09-08,4228.75,4887.303
233,2017-09-09,4226.06005859375,4832.7515
234,2017-09-10,4122.93994140625,4763.785
235,2017-09-11,4161.27001953125,4713.964
236,2017-09-12,4130.81005859375,4672.097
237,2017-09-13,3882.590087890625,4593.173
238,2017-09-14,3154.949951171875,4378.186
239,2017-09-15,3637.52001953125,4273.808
240,2017-09-16,3625.0400390625,4203.9146
241,2017-09-17,3582.8798828125,4153.643
242,2017-09-18,4065.199951171875,4220.103
243,2017-09-19,3924.969970703125,4272.386
244,2017-09-20,3905.949951171875,4315.58
245,2017-09-21,3631.0400390625,4293.2896
246,2017-09-22,3630.699951171875,4256.049
247,2017-09-23,3792.39990234375,4249.191
248,2017-09-24,3682.840087890625,4222.8286
249,2017-09-25,3926.070068359375,4249.68
250,2017-09-26,3892.35009765625,4277.579
251,2017-09-27,4200.669921875,4365.73
252,2017-09-28,4174.72998046875,4442.524
253,2017-09-29,4163.06982421875,4503.8706
254,2017-09-30,4338.709960937499,4584.8105
255,2017-10-01,4403.740234375,4665.822
256,2017-10-02,4409.31982421875,4730.8984
257,2017-10-03,4317.47998046875,4756.6035
258,2017-10-04,4229.35986328125,4742.931
259,2017-10-05,4328.41015625,4744.685
260,2017-10-06,4370.81005859375,4754.622
261,2017-10-07,4426.89013671875,4777.138
262,2017-10-08,4610.47998046875,4841.1367
263,2017-10-09,4772.02001953125,4934.3286
264,2017-10-10,4781.990234375,5019.035
265,2017-10-11,4826.47998046875,5092.555
266,2017-10-12,5446.91015625,5274.6743
267,2017-10-13,5647.209960937499,5481.471
268,2017-10-14,5831.7900390625,5691.1016
269,2017-10-15,5678.18994140625,5825.1133
270,2017-10-16,5725.58984375,5920.079
271,2017-10-17,5605.509765625,5954.512
272,2017-10-18,5590.68994140625,5959.0093
273,2017-10-19,5708.52001953125,5976.316
274,2017-10-20,6011.4501953125,6057.2236
275,2017-10-21,6031.60009765625,6141.7227
276,2017-10-22,6008.419921875,6209.998
277,2017-10-23,5930.31982421875,6244.7505
278,2017-10-24,5526.64013671875,6177.115
279,2017-10-25,5750.7998046875,6148.2134
280,2017-10-26,5904.830078125,6159.114
281,2017-10-27,5780.89990234375,6150.1914
282,2017-10-28,5753.08984375,6136.1094
283,2017-10-29,6153.85009765625,6208.09
284,2017-10-30,6130.52978515625,6275.13
285,2017-10-31,6468.39990234375,6403.187
286,2017-11-01,6767.31005859375,6585.323
287,2017-11-02,7078.5,6810.161
288,2017-11-03,7207.759765625,7025.6626
289,2017-11-04,7379.9501953125,7227.6055
290,2017-11-05,7407.41015625,7383.3706
291,2017-11-06,7022.759765625,7401.521
292,2017-11-07,7144.3798828125,7406.4473
293,2017-11-08,7459.68994140625,7468.546
294,2017-11-09,7143.580078125,7459.456
295,2017-11-10,6618.14013671875,7326.609
296,2017-11-11,6357.60009765625,7140.236
297,2017-11-12,5950.06982421875,6890.674
298,2017-11-13,6559.490234374999,6813.184
299,2017-11-14,6635.75,6808.2305
300,2017-11-15,7315.5400390625,6983.0464
301,2017-11-16,7871.68994140625,7287.976
302,2017-11-17,7708.990234375,7527.532
303,2017-11-18,7790.14990234375,7724.5425
304,2017-11-19,8036.490234375,7911.056
305,2017-11-20,8200.6396484375,8079.5435
306,2017-11-21,8071.259765625,8168.306
307,2017-11-22,8253.5498046875,8256.031
308,2017-11-23,8038.77001953125,8266.461
309,2017-11-24,8253.6904296875,8307.304
310,2017-11-25,8790.919921875,8467.003
311,2017-11-26,9330.5498046875,8744.909
312,2017-11-27,9818.349609375,9116.047
313,2017-11-28,10058.7998046875,9495.798
314,2017-11-29,9888.6103515625,9752.3545
315,2017-11-30,10233.599609375,9997.551
316,2017-12-01,10975.599609375,10346.418
317,2017-12-02,11074.599609375,10646.735
318,2017-12-03,11323.2001953125,10930.929
319,2017-12-04,11657.2001953125,11219.478
320,2017-12-05,11916.700195312502,11504.333
321,2017-12-06,14291.5,12336.85
322,2017-12-07,17899.69921875,14082.167
323,2017-12-08,16569.400390625,15293.486
324,2017-12-09,15178.2001953125,15725.911
325,2017-12-10,15455.400390625,15894.772
326,2017-12-11,16936.80078125,16300.887
327,2017-12-12,17415.400390625,16748.295
328,2017-12-13,16408.19921875,16783.572
329,2017-12-14,16564.0,16764.855
330,2017-12-15,17706.900390625,17058.4
331,2017-12-16,19497.400390625,17890.59
332,2017-12-17,19140.80078125,18545.229
333,2017-12-18,19114.19921875,19012.857
334,2017-12-19,17776.69921875,18868.188
335,2017-12-20,16624.599609375,18241.01
336,2017-12-21,15802.900390625,17385.102
337,2017-12-22,13831.7998046875,16095.771
338,2017-12-23,14699.2001953125,15307.786
339,2017-12-24,13925.7998046875,14605.03
340,2017-12-25,14026.599609375,14185.506
341,2017-12-26,16099.7998046875,14574.611
342,2017-12-27,15838.5,15043.469
343,2017-12-28,14606.5,15103.618
344,2017-12-29,14656.2001953125,15066.351
345,2017-12-30,12952.2001953125,14502.805
346,2017-12-31,14156.400390625,14288.651
347,2018-01-01,13657.2001953125,14016.293
348,2018-01-02,14982.099609375,14159.775
349,2018-01-03,15201.0,14422.06
350,2018-01-04,15599.2001953125,14801.202
351,2018-01-05,17429.5,15673.995
352,2018-01-06,17527.0,16478.78
353,2018-01-07,16477.599609375,16779.49
354,2018-01-08,15170.099609375,16479.486
355,2018-01-09,14595.400390625,15908.231
356,2018-01-10,14973.2998046875,15482.392
357,2018-01-11,13405.7998046875,14718.614
358,2018-01-12,13980.599609375002,14276.061
359,2018-01-13,14360.2001953125,14116.606
360,2018-01-14,13772.0,13942.301
361,2018-01-15,13819.7998046875,13890.123
362,2018-01-16,11490.5,13263.728
363,2018-01-17,11188.599609375,12608.412
364,2018-01-18,11474.900390625,12159.221
365,2018-01-19,11607.400390625,11873.969
366,2018-01-20,12899.2001953125,12049.772
367,2018-01-21,11600.099609375,11950.859
368,2018-01-22,10931.400390625,11685.379
369,2018-01-23,10868.400390625,11418.372
370,2018-01-24,11359.400390625,11329.702
371,2018-01-25,11259.400390625,11293.136
372,2018-01-26,11171.400390625,11269.142
373,2018-01-27,11440.7001953125,11321.255
374,2018-01-28,11786.2998046875,11458.869
375,2018-01-29,11296.400390625,11460.592
376,2018-01-30,10106.2998046875,11142.845
377,2018-01-31,10221.099609375,10845.537
378,2018-02-01,9170.5400390625,10359.113
379,2018-02-02,8830.75,9882.31
380,2018-02-03,9174.91015625,9601.938
381,2018-02-04,8277.009765625,9228.524
382,2018-02-05,6955.27001953125,8621.146
383,2018-02-06,7754.0,8300.208
384,2018-02-07,7621.2998046875,8080.9814
385,2018-02-08,8265.58984375,8104.7397
386,2018-02-09,8736.98046875,8308.857
387,2018-02-10,8621.900390625,8482.533
388,2018-02-11,8129.97021484375,8500.007
389,2018-02-12,8926.5703125,8655.702
390,2018-02-13,8598.3095703125,8713.185
391,2018-02-14,9494.6298828125,8943.174
392,2018-02-15,10166.400390625,9309.194
393,2018-02-16,10233.900390625,9650.627
394,2018-02-17,11112.7001953125,10137.039
395,2018-02-18,10551.7998046875,10400.132
396,2018-02-19,11225.2998046875,10718.972
397,2018-02-20,11403.7001953125,11008.899
398,2018-02-21,10690.400390625,11036.233
399,2018-02-22,10005.0,10827.62
400,2018-02-23,10301.099609375,10681.992
401,2018-02-24,9813.0703125,10442.172
402,2018-02-25,9664.73046875,10201.346
403,2018-02-26,10366.7001953125,10200.653
404,2018-02-27,10725.599609375,10346.008
405,2018-02-28,10397.900390625,10435.581
406,2018-03-01,10951.0,10645.953
407,2018-03-02,11086.400390625,10858.684
408,2018-03-03,11489.7001953125,11116.009
409,2018-03-04,11512.599609375,11323.551
410,2018-03-05,11573.2998046875,11471.194
411,2018-03-06,10779.900390625,11360.669
412,2018-03-07,9965.5703125,11007.553
413,2018-03-08,9395.009765625,10528.139
414,2018-03-09,9337.5498046875,10118.381
415,2018-03-10,8866.0,9703.512
416,2018-03-11,9578.6298828125,9582.537
417,2018-03-12,9205.1201171875,9480.691
418,2018-03-13,9194.849609375,9428.768
419,2018-03-14,8269.8095703125,9187.531
420,2018-03-15,8300.8603515625,8978.433
421,2018-03-16,8338.349609375,8814.332
422,2018-03-17,7916.879882812499,8594.385
423,2018-03-18,8223.6796875,8488.968
424,2018-03-19,8630.650390625,8520.966
425,2018-03-20,8913.4697265625,8640.999
426,2018-03-21,8929.2802734375,8769.994
427,2018-03-22,8728.4697265625,8831.828
428,2018-03-23,8879.6201171875,8905.291
429,2018-03-24,8668.1201171875,8910.902
430,2018-03-25,8495.7802734375,8861.215
431,2018-03-26,8209.400390625,8734.413
432,2018-03-27,7833.0400390625,8525.197
433,2018-03-28,7954.47998046875,8369.569
434,2018-03-29,7165.7001953125,8081.2046
435,2018-03-30,6890.52001953125,7777.195
436,2018-03-31,6973.52978515625,7567.109
437,2018-04-01,6844.22998046875,7398.8555
438,2018-04-02,7083.7998046875,7343.2144
439,2018-04-03,7456.10986328125,7407.1924
440,2018-04-04,6853.83984375,7358.2944
441,2018-04-05,6811.47021484375,7293.11
442,2018-04-06,6636.31982421875,7186.173
443,2018-04-07,6911.08984375,7150.404
444,2018-04-08,7023.52001953125,7159.2754
445,2018-04-09,6770.72998046875,7123.9126
446,2018-04-10,6834.759765625,7104.142
447,2018-04-11,6968.31982421875,7118.8403
448,2018-04-12,7889.25,7346.156
449,2018-04-13,7895.9599609375,7574.386
450,2018-04-14,7986.240234375,7787.3374
451,2018-04-15,8329.1103515625,8028.414
452,2018-04-16,8058.669921875,8154.5557
453,2018-04-17,7902.08984375,8190.8193
454,2018-04-18,8163.419921875,8242.438
455,2018-04-19,8294.3095703125,8305.214
456,2018-04-20,8845.830078125,8484.539
457,2018-04-21,8895.580078125,8662.164
458,2018-04-22,8802.4599609375,8789.587
459,2018-04-23,8930.8798828125,8912.398
460,2018-04-24,9697.5,9178.386
461,2018-04-25,8845.740234374998,9210.286
462,2018-04-26,9281.509765625,9293.182
463,2018-04-27,8987.0498046875,9284.426
464,2018-04-28,9348.48046875,9341.24
465,2018-04-29,9419.080078125,9405.029
466,2018-04-30,9240.5498046875,9414.759
467,2018-05-01,9119.009765625,9383.492
468,2018-05-02,9235.919921875,9382.86
469,2018-05-03,9743.8603515625,9506.368
470,2018-05-04,9700.759765625,9620.287
471,2018-05-05,9858.150390625,9753.6455
472,2018-05-06,9654.7998046875,9806.372
473,2018-05-07,9373.009765625,9757.131
474,2018-05-08,9234.8203125,9657.477
475,2018-05-09,9325.1796875,9582.624
476,2018-05-10,9043.9404296875,9462.363
477,2018-05-11,8441.490234375,9219.495
478,2018-05-12,8504.8896484375,9022.276
479,2018-05-13,8723.9404296875,8929.602
480,2018-05-14,8716.7900390625,8890.864
481,2018-05-15,8510.3798828125,8827.35
482,2018-05-16,8368.830078125,8751.855
483,2018-05-17,8094.31982421875,8624.725
484,2018-05-18,8250.9697265625,8553.552
485,2018-05-19,8247.1796875,8504.477
486,2018-05-20,8513.25,8531.479
487,2018-05-21,8418.990234375,8545.898
488,2018-05-22,8041.77978515625,8472.069
489,2018-05-23,7557.81982421875,8288.788
490,2018-05-24,7587.33984375,8125.194
491,2018-05-25,7480.14013671875,7974.1367
492,2018-05-26,7355.879882812499,7833.6963
493,2018-05-27,7368.22021484375,7734.0654
494,2018-05-28,7135.990234375,7619.09
495,2018-05-29,7472.58984375,7610.2046
496,2018-05-30,7406.52001953125,7610.768
497,2018-05-31,7494.169921875,7636.064
498,2018-06-01,7541.4501953125,7675.256
499,2018-06-02,7643.4501953125,7734.467
500,2018-06-03,7720.25,7800.788
501,2018-06-04,7514.47021484375,7804.0264
502,2018-06-05,7633.759765625,7816.6777
503,2018-06-06,7653.97998046875,7825.238
504,2018-06-07,7678.240234375,7837.7256
505,2018-06-08,7624.919921875,7837.6865
506,2018-06-09,7531.97998046875,7819.2456
507,2018-06-10,6786.02001953125,7634.514
508,2018-06-11,6906.919921875,7482.5366
509,2018-06-12,6582.35986328125,7289.4854
510,2018-06-13,6349.89990234375,7085.3193
511,2018-06-14,6675.35009765625,6997.3926
512,2018-06-15,6456.580078125,6907.7627
513,2018-06-16,6550.16015625,6868.199
514,2018-06-17,6499.27001953125,6837.9053
515,2018-06-18,6734.81982421875,6873.568
516,2018-06-19,6769.93994140625,6921.6562
517,2018-06-20,6776.5498046875,6965.329
518,2018-06-21,6729.740234375,6986.4985
519,2018-06-22,6083.68994140625,6853.8066
520,2018-06-23,6162.47998046875,6731.4033
521,2018-06-24,6173.22998046875,6628.2397
522,2018-06-25,6249.18017578125,6570.129
523,2018-06-26,6093.669921875,6506.363
524,2018-06-27,6157.1298828125,6477.844
525,2018-06-28,5903.43994140625,6413.352
526,2018-06-29,6218.2998046875,6428.037
527,2018-06-30,6404.0,6491.0713
528,2018-07-01,6385.81982421875,6553.6465
529,2018-07-02,6614.18017578125,6652.293
530,2018-07-03,6529.58984375,6715.6567
531,2018-07-04,6597.5498046875,6774.2017
532,2018-07-05,6639.14013671875,6820.689
533,2018-07-06,6673.5,6859.3726
534,2018-07-07,6856.93017578125,6925.6475
535,2018-07-08,6773.8798828125,6966.614
536,2018-07-09,6741.75,6989.0576
537,2018-07-10,6329.9501953125,6912.6475
538,2018-07-11,6394.709960937501,6845.9956
539,2018-07-12,6228.81005859375,6750.5977
540,2018-07-13,6238.0498046875,6675.6436
541,2018-07-14,6276.1201171875,6631.2886
542,2018-07-15,6359.64013671875,6625.3413
543,2018-07-16,6741.75,6714.164
544,2018-07-17,7321.0400390625,6934.079
545,2018-07-18,7370.77978515625,7148.36
546,2018-07-19,7466.85986328125,7344.4917
547,2018-07-20,7354.1298828125,7465.0894
548,2018-07-21,7419.2900390625,7549.0903
549,2018-07-22,7418.490234375,7596.919
550,2018-07-23,7711.10986328125,7683.602
551,2018-07-24,8424.26953125,7916.866
552,2018-07-25,8181.39013671875,8077.0312
553,2018-07-26,7951.580078125,8143.8843
554,2018-07-27,8165.009765625,8224.396
555,2018-07-28,8192.150390625,8289.38
556,2018-07-29,8218.4599609375,8342.535
557,2018-07-30,8180.47998046875,8369.042
558,2018-07-31,7780.43994140625,8292.164
559,2018-08-01,7624.91015625,8171.848
560,2018-08-02,7567.14990234375,8049.6045
561,2018-08-03,7434.39013671875,7921.116
562,2018-08-04,7032.85009765625,7731.484
563,2018-08-05,7068.47998046875,7585.4526
564,2018-08-06,6951.7998046875,7458.9277
565,2018-08-07,6753.1201171875,7324.8096
566,2018-08-08,6305.7998046875,7123.9917
567,2018-08-09,6568.22998046875,7010.299
568,2018-08-10,6184.7099609375,6852.0317
569,2018-08-11,6295.72998046875,6747.516
570,2018-08-12,6322.68994140625,6684.046
571,2018-08-13,6297.56982421875,6645.7676
572,2018-08-14,6199.7099609375,6599.409
573,2018-08-15,6308.52001953125,6584.63
574,2018-08-16,6334.72998046875,6586.8467
575,2018-08-17,6580.6298828125,6647.314
576,2018-08-18,6423.759765625,6674.5483
577,2018-08-19,6506.06982421875,6709.928
578,2018-08-20,6308.52978515625,6691.6787
579,2018-08-21,6488.759765625,6704.9697
580,2018-08-22,6376.7099609375,6695.2515
581,2018-08-23,6534.8798828125,6719.0996
582,2018-08-24,6719.9599609375,6783.475
583,2018-08-25,6763.18994140625,6856.9316
584,2018-08-26,6707.259765625,6907.756
585,2018-08-27,6884.64013671875,6981.7783
586,2018-08-28,7096.27978515625,7086.6353
587,2018-08-29,7047.16015625,7167.118
588,2018-08-30,6978.22998046875,7207.113
589,2018-08-31,7037.580078125,7241.4473
590,2018-09-01,7193.25,7297.4214
591,2018-09-02,7272.72021484375,7360.989
592,2018-09-03,7260.06005859375,7409.167
593,2018-09-04,7361.66015625,7467.626
594,2018-09-05,6792.830078125,7387.8633
595,2018-09-06,6529.169921875,7241.064
596,2018-09-07,6467.06982421875,7090.4473
597,2018-09-08,6225.97998046875,6916.5757
598,2018-09-09,6300.85986328125,6792.853
599,2018-09-10,6329.7001953125,6716.659
600,2018-09-11,6321.2001953125,6670.2437
601,2018-09-12,6351.7998046875,6653.973
602,2018-09-13,6517.31005859375,6687.8926
603,2018-09-14,6512.7099609375,6725.181
604,2018-09-15,6543.2001953125,6762.09
605,2018-09-16,6517.18017578125,6784.105
606,2018-09-17,6281.2001953125,6744.3135
607,2018-09-18,6371.2998046875,6714.4146
608,2018-09-19,6398.5400390625,6692.152
609,2018-09-20,6519.669921875,6702.7783
610,2018-09-21,6734.9501953125,6768.327
611,2018-09-22,6721.97998046875,6833.784
612,2018-09-23,6710.6298828125,6888.8643
613,2018-09-24,6595.41015625,6907.5083
614,2018-09-25,6446.47021484375,6877.042
615,2018-09-26,6495.0,6849.671
616,2018-09-27,6676.75,6864.9985
617,2018-09-28,6644.1298828125,6876.8936
618,2018-09-29,6601.9599609375,6880.1084
619,2018-09-30,6625.56005859375,6886.7217
620,2018-10-01,6589.6201171875,6884.2485
621,2018-10-02,6556.10009765625,6873.7217
622,2018-10-03,6502.58984375,6853.271
623,2018-10-04,6576.68994140625,6850.9653
624,2018-10-05,6622.47998046875,6862.6143
625,2018-10-06,6588.31005859375,6867.4697
626,2018-10-07,6602.9501953125,6871.4995
627,2018-10-08,6652.22998046875,6885.1333
628,2018-10-09,6642.64013671875,6895.1226
629,2018-10-10,6585.52978515625,6890.931
630,2018-10-11,6256.240234375,6814.212
631,2018-10-12,6274.580078125,6742.0605
632,2018-10-13,6285.990234375,6684.882
633,2018-10-14,6290.93017578125,6643.73
634,2018-10-15,6596.5400390625,6682.4585
635,2018-10-16,6596.10986328125,6732.8896
636,2018-10-17,6544.43017578125,6770.896
637,2018-10-18,6476.7099609375,6784.15
638,2018-10-19,6465.41015625,6784.754
639,2018-10-20,6489.18994140625,6784.734
640,2018-10-21,6482.35009765625,6780.2354
641,2018-10-22,6487.16015625,6775.319
642,2018-10-23,6475.740234375,6767.7993
643,2018-10-24,6495.83984375,6766.4746
644,2018-10-25,6476.2900390625,6763.21
645,2018-10-26,6474.75,6760.964
646,2018-10-27,6480.3798828125,6762.1143
647,2018-10-28,6486.39013671875,6766.8037
648,2018-10-29,6332.6298828125,6738.6826
649,2018-10-30,6334.27001953125,6709.987
650,2018-10-31,6317.60986328125,6679.0103
651,2018-11-01,6377.77978515625,6667.14
652,2018-11-02,6388.43994140625,6664.1265
653,2018-11-03,6361.259765625,6659.355
654,2018-11-04,6376.1298828125,6662.079
655,2018-11-05,6419.66015625,6675.0312
656,2018-11-06,6461.009765625,6696.0483
657,2018-11-07,6530.14013671875,6729.0117
658,2018-11-08,6453.72021484375,6740.676
659,2018-11-09,6385.6201171875,6730.7344
660,2018-11-10,6409.22021484375,6721.576
661,2018-11-11,6411.27001953125,6713.081
662,2018-11-12,6371.27001953125,6697.647
663,2018-11-13,6359.490234375,6682.323
664,2018-11-14,5738.35009765625,6536.281
665,2018-11-15,5648.02978515625,6377.022
666,2018-11-16,5575.5498046875,6228.604
667,2018-11-17,5554.330078125,6110.6177
668,2018-11-18,5623.5400390625,6041.63
669,2018-11-19,4871.490234375,5844.3926
670,2018-11-20,4451.8701171875,5581.8257
671,2018-11-21,4602.169921875,5389.3706
672,2018-11-22,4365.93994140625,5200.8193
673,2018-11-23,4347.10986328125,5054.8564
674,2018-11-24,3880.760009765625,4857.4595
675,2018-11-25,4009.969970703125,4722.265
676,2018-11-26,3779.1298828125,4581.0693
677,2018-11-27,3820.719970703125,4481.0425
678,2018-11-28,4257.419921875,4498.239
679,2018-11-29,4278.8466796875,4543.4136
680,2018-11-30,4017.2685546875,4540.289
681,2018-12-01,4214.671875,4569.882
682,2018-12-02,4139.8779296875,4581.141
683,2018-12-03,3894.130859375,4536.3423
684,2018-12-04,3956.893798828125,4495.5825
685,2018-12-05,3753.994873046875,4420.959
686,2018-12-06,3521.101806640625,4310.4907
687,2018-12-07,3419.937255859375,4197.863
688,2018-12-08,3476.11474609375,4121.912
689,2018-12-09,3614.234375,4094.9937
690,2018-12-10,3502.656005859375,4066.3884
691,2018-12-11,3424.588134765625,4036.748
692,2018-12-12,3486.9501953125,4026.1174
693,2018-12-13,3313.67724609375,3987.613
694,2018-12-14,3242.48486328125,3933.8462
695,2018-12-15,3236.76171875,3885.089
696,2018-12-16,3252.839111328125,3846.0984
697,2018-12-17,3545.86474609375,3874.969
698,2018-12-18,3696.05908203125,3946.0286
699,2018-12-19,3745.95068359375,4025.4148
700,2018-12-20,4134.44140625,4168.9834
701,2018-12-21,3896.543701171875,4251.6763
702,2018-12-22,4014.1826171875,4329.9487
703,2018-12-23,3998.980224609375,4381.931
704,2018-12-24,4078.59912109375,4431.8687
705,2018-12-25,3815.49072265625,4413.792
706,2018-12-26,3857.297607421875,4391.271
707,2018-12-27,3654.83349609375,4328.389
708,2018-12-28,3923.918701171875,4325.6523
709,2018-12-29,3820.40869140625,4316.8926
710,2018-12-30,3865.95263671875,4322.971
711,2018-12-31,3742.700439453125,4308.5737
712,2019-01-01,3843.52001953125,4315.481
713,2019-01-02,3943.409423828125,4342.6523
714,2019-01-03,3836.7412109375,4346.3457
715,2019-01-04,3857.717529296875,4347.801
716,2019-01-05,3845.194580078125,4342.6914
717,2019-01-06,4076.632568359375,4383.3013
718,2019-01-07,4025.248291015625,4413.7236
719,2019-01-08,4030.847900390625,4438.8706
720,2019-01-09,4035.29638671875,4460.608
721,2019-01-10,3678.924560546875,4402.6587
722,2019-01-11,3687.365478515625,4342.6797
723,2019-01-12,3661.301025390625,4285.3823
724,2019-01-13,3552.953125,4219.7275
725,2019-01-14,3706.05224609375,4196.064
726,2019-01-15,3630.67529296875,4172.9546
727,2019-01-16,3655.0068359375,4162.163
728,2019-01-17,3678.56396484375,4164.5923
729,2019-01-18,3657.83935546875,4165.1406
730,2019-01-19,3728.568359375,4179.922
731,2019-01-20,3601.013671875,4167.387
732,2019-01-21,3576.032470703125,4147.1987
733,2019-01-22,3604.5771484375,4133.012
734,2019-01-23,3585.123046875,4116.3677
735,2019-01-24,3600.865478515625,4105.8105
736,2019-01-25,3599.765869140625,4098.825
737,2019-01-26,3602.46044921875,4097.6445
738,2019-01-27,3583.9658203125,4095.189
739,2019-01-28,3470.4504394531245,4072.1133
740,2019-01-29,3448.116943359375,4045.6868
741,2019-01-30,3486.181640625,4028.0679
742,2019-01-31,3457.792724609375,4010.666
743,2019-02-01,3487.9453125,4003.4377
744,2019-02-02,3521.060791015625,4006.06
745,2019-02-03,3464.013427734375,4000.97
746,2019-02-04,3459.154052734375,3994.368
747,2019-02-05,3466.357421875,3990.0776
748,2019-02-06,3413.767822265625,3976.7197
749,2019-02-07,3399.4716796875,3961.357
750,2019-02-08,3666.7802734375,4001.457
751,2019-02-09,3671.20361328125,4044.6504
752,2019-02-10,3690.188232421875,4086.4783
753,2019-02-11,3648.4306640625,4111.802
754,2019-02-12,3653.528564453125,4128.614
755,2019-02-13,3632.070556640625,4134.396
756,2019-02-14,3616.880859375,4132.574
757,2019-02-15,3620.810791015625,4129.5405
758,2019-02-16,3629.78759765625,4128.13
759,2019-02-17,3673.836181640625,4135.552
760,2019-02-18,3915.71435546875,4192.0664
761,2019-02-19,3947.094482421875,4255.044
762,2019-02-20,3999.820556640625,4319.9775
763,2019-02-21,3954.1181640625,4363.6006
764,2019-02-22,4005.526611328125,4403.3657
765,2019-02-23,4142.52685546875,4458.4136
766,2019-02-24,3810.4274902343745,4436.5513
767,2019-02-25,3882.6962890625,4417.0874
768,2019-02-26,3854.35791015625,4390.917
769,2019-02-27,3851.04736328125,4367.6743
770,2019-02-28,3854.785400390625,4353.361
771,2019-03-01,3859.583740234375,4346.2725
772,2019-03-02,3864.4150390625,4345.2197
773,2019-03-03,3847.17578125,4343.4243
774,2019-03-04,3761.55712890625,4325.6206
775,2019-03-05,3896.3749999999995,4334.5967
776,2019-03-06,3903.942626953125,4346.916
777,2019-03-07,3911.484375,4359.0903
778,2019-03-08,3901.131591796875,4365.8438
779,2019-03-09,3963.313720703125,4381.77
780,2019-03-10,3951.599853515625,4394.507
781,2019-03-11,3905.227294921875,4394.471
782,2019-03-12,3909.15625,4392.452
783,2019-03-13,3906.71728515625,4388.8975
784,2019-03-14,3924.369140625,4389.9707
785,2019-03-15,3960.9111328125,4400.3145
786,2019-03-16,4048.725830078125,4426.127
787,2019-03-17,4025.22900390625,4446.934
788,2019-03-18,4032.50732421875,4464.756
789,2019-03-19,4071.190185546875,4485.765
790,2019-03-20,4087.476318359375,4505.8354
791,2019-03-21,4029.326904296875,4509.559
792,2019-03-22,4023.96826171875,4507.4497
793,2019-03-23,4035.826416015625,4505.2827
794,2019-03-24,4022.168212890625,4499.47
795,2019-03-25,3963.070556640625,4483.345
796,2019-03-26,3985.080810546875,4472.8604
797,2019-03-27,4087.066162109375,4486.063
798,2019-03-28,4069.107177734375,4498.59
799,2019-03-29,4098.37451171875,4516.5703
800,2019-03-30,4106.66015625,4533.6553
801,2019-03-31,4105.404296875,4546.2495
802,2019-04-01,4158.18310546875,4565.2256
803,2019-04-02,4879.8779296875,4726.608
804,2019-04-03,4973.02197265625,4903.7505
805,2019-04-04,4922.798828125,5044.7046
806,2019-04-05,5036.68115234375,5172.744
807,2019-04-06,5059.8173828125,5270.5303
808,2019-04-07,5198.89697265625,5365.864
809,2019-04-08,5289.77099609375,5455.424
810,2019-04-09,5204.95849609375,5505.2817
811,2019-04-10,5324.5517578125,5559.8623
812,2019-04-11,5064.48779296875,5547.3677
813,2019-04-12,5089.5390625,5529.5986
814,2019-04-13,5096.58642578125,5513.415
815,2019-04-14,5167.72216796875,5516.3115
816,2019-04-15,5067.1083984375,5503.9126
817,2019-04-16,5235.5595703125,5529.3936
818,2019-04-17,5251.93798828125,5560.1626
819,2019-04-18,5298.3857421875,5596.351
820,2019-04-19,5303.8125,5625.424
821,2019-04-20,5337.88623046875,5651.275
822,2019-04-21,5314.53125,5663.5654
823,2019-04-22,5399.365234375,5691.091
824,2019-04-23,5572.3623046875,5749.321
825,2019-04-24,5464.86669921875,5777.4897
826,2019-04-25,5210.515625,5741.478
827,2019-04-26,5279.34814453125,5712.2124
828,2019-04-27,5268.291015625,5685.348
829,2019-04-28,5285.13916015625,5669.3916
830,2019-04-29,5247.3525390625,5652.1797
831,2019-04-30,5350.7265625,5663.048
832,2019-05-01,5402.697265625,5687.2886
833,2019-05-02,5505.28369140625,5733.2227
834,2019-05-03,5768.28955078125,5830.279
835,2019-05-04,5831.16748046875,5931.6626
836,2019-05-05,5795.70849609375,6005.39
837,2019-05-06,5746.80712890625,6046.747
838,2019-05-07,5829.50146484375,6085.5513
839,2019-05-08,5982.45751953125,6143.711
840,2019-05-09,6174.52880859375,6232.472
841,2019-05-10,6378.84912109375,6353.2856
842,2019-05-11,7204.771484375,6635.9854
843,2019-05-12,6972.37158203125,6845.0713
844,2019-05-13,7814.9150390625,7189.6016
845,2019-05-14,7994.416015625,7522.444
846,2019-05-15,8205.16796875,7828.7573
847,2019-05-16,7884.9091796875,7984.2495
848,2019-05-17,7343.895507812499,7941.191
849,2019-05-18,7271.2080078125,7834.787
850,2019-05-19,8197.689453125,7932.367
851,2019-05-20,7978.30908203125,7997.9546
852,2019-05-21,7963.32763671875,8054.7163
853,2019-05-22,7680.06640625,8038.0063
854,2019-05-23,7881.8466796875,8059.9297
855,2019-05-24,7987.37158203125,8106.254
856,2019-05-25,8052.5439453125,8163.187
857,2019-05-26,8673.2158203125,8351.602
858,2019-05-27,8805.7783203125,8554.599
859,2019-05-28,8719.9619140625,8698.343
860,2019-05-29,8659.4873046875,8778.559
861,2019-05-30,8319.47265625,8737.659
862,2019-05-31,8574.501953125,8734.808
863,2019-06-01,8564.0166015625,8724.0625
864,2019-06-02,8742.9580078125,8763.96
865,2019-06-03,8208.9951171875,8683.971
866,2019-06-04,7707.77099609375,8488.083
867,2019-06-05,7824.2314453125,8332.171
868,2019-06-06,7822.0234375,8209.894
869,2019-06-07,8043.951171875,8178.6846
870,2019-06-08,7954.1279296875,8167.8784
871,2019-06-09,7688.0771484375,8108.814
872,2019-06-10,8000.32958984375,8125.86
873,2019-06-11,7927.71435546875,8131.2363
874,2019-06-12,8145.857421875,8185.1606
875,2019-06-13,8230.923828125,8253.708
876,2019-06-14,8693.8330078125,8416.577
877,2019-06-15,8838.375,8600.206
878,2019-06-16,8994.48828125,8786.45
879,2019-06-17,9320.3525390625,9005.289
880,2019-06-18,9081.7626953125,9120.894
881,2019-06-19,9273.521484375,9229.327
882,2019-06-20,9527.16015625,9366.38
883,2019-06-21,10144.556640625,9624.117
884,2019-06-22,10701.69140625,9987.622
885,2019-06-23,10855.371093749998,10331.253
886,2019-06-24,11011.1025390625,10631.725
887,2019-06-25,11790.9169921875,11045.626
888,2019-06-26,13016.231445312498,11692.975
889,2019-06-27,11182.806640625,11767.342
890,2019-06-28,12407.33203125,12020.634
891,2019-06-29,11959.37109375,12090.861
892,2019-06-30,10817.1552734375,11809.939
893,2019-07-01,10583.134765625,11451.765
894,2019-07-02,10801.677734375,11201.642
895,2019-07-03,11961.26953125,11326.901
896,2019-07-04,11215.4375,11333.506
897,2019-07-05,10978.4599609375,11287.763
898,2019-07-06,11208.55078125,11302.738
899,2019-07-07,11450.8466796875,11385.205
900,2019-07-08,12285.9580078125,11670.451
901,2019-07-09,12573.8125,12005.141
902,2019-07-10,12156.5126953125,12166.649
903,2019-07-11,11358.662109375,12041.012
904,2019-07-12,11815.986328125,11982.343
905,2019-07-13,11392.37890625,11813.519
906,2019-07-14,10256.05859375,11372.532
907,2019-07-15,10895.08984375,11149.937
908,2019-07-16,9477.6416015625,10675.613
909,2019-07-17,9693.802734375,10324.716
910,2019-07-18,10666.482421875,10335.801
911,2019-07-19,10530.732421875,10399.317
912,2019-07-20,10767.1396484375,10538.705
913,2019-07-21,10599.10546875,10629.142
914,2019-07-22,10343.1064453125,10629.082
915,2019-07-23,9900.767578125,10499.762
916,2019-07-24,9811.92578125,10327.274
917,2019-07-25,9911.841796875,10191.683
918,2019-07-26,9870.3037109375,10079.984
919,2019-07-27,9477.677734375,9909.71
920,2019-07-28,9552.8603515625,9799.903
921,2019-07-29,9519.1455078125,9726.026
922,2019-07-30,9607.423828125,9704.984
923,2019-07-31,10085.6279296875,9820.058
924,2019-08-01,10399.6689453125,10028.861
925,2019-08-02,10518.1748046875,10245.488
926,2019-08-03,10821.7265625,10484.16
927,2019-08-04,10970.1845703125,10710.062
928,2019-08-05,11805.6533203125,11069.569
929,2019-08-06,11478.1689453125,11285.885
930,2019-08-07,11941.96875,11547.223
931,2019-08-08,11966.407226562502,11746.846
932,2019-08-09,11862.9365234375,11857.394
933,2019-08-10,11354.0244140625,11783.395
934,2019-08-11,11523.5791015625,11723.189
935,2019-08-12,11382.6162109375,11631.531
936,2019-08-13,10895.830078125,11436.043
937,2019-08-14,10051.7041015625,11061.066
938,2019-08-15,10311.5458984375,10806.094
939,2019-08-16,10374.3388671875,10645.592
940,2019-08-17,10231.744140625,10521.399
941,2019-08-18,10345.810546875,10474.278
942,2019-08-19,10916.0537109375,10601.533
943,2019-08-20,10763.232421875,10705.8545
944,2019-08-21,10138.0498046875,10633.63
945,2019-08-22,10131.0556640625,10531.937
946,2019-08-23,10407.96484375,10498.683
947,2019-08-24,10159.9609375,10417.482
948,2019-08-25,10138.517578125,10347.57
949,2019-08-26,10370.8203125,10347.61
950,2019-08-27,10185.5,10323.835
951,2019-08-28,9754.4228515625,10202.937
952,2019-08-29,9510.2001953125,10033.567
953,2019-08-30,9598.173828125,9910.429
954,2019-08-31,9630.6640625,9837.883
955,2019-09-01,9757.970703125,9830.001
956,2019-09-02,10346.7607421875,9983.206
957,2019-09-03,10623.5400390625,10202.724
958,2019-09-04,10594.4931640625,10391.559
959,2019-09-05,10575.533203125,10527.23
960,2019-09-06,10353.302734375,10556.259
961,2019-09-07,10517.2548828125,10588.165
962,2019-09-08,10441.2763671875,10587.7
963,2019-09-09,10334.974609375,10548.478
964,2019-09-10,10115.9755859375,10448.869
965,2019-09-11,10178.3720703125,10375.85
966,2019-09-12,10410.126953125,10385.296
967,2019-09-13,10360.546875,10402.0
968,2019-09-14,10358.048828125,10427.057
969,2019-09-15,10347.712890625,10453.215
970,2019-09-16,10276.7939453125,10456.117
971,2019-09-17,10241.2724609375,10439.93
972,2019-09-18,10198.248046875,10406.979
973,2019-09-19,10266.4150390625,10391.018
974,2019-09-20,10181.6416015625,10357.419
975,2019-09-21,10019.716796875,10288.578
976,2019-09-22,10070.392578125,10244.763
977,2019-09-23,9729.32421875,10133.5
978,2019-09-24,8620.56640625,9768.759
979,2019-09-25,8486.9931640625,9405.777
980,2019-09-26,8118.9677734375,9029.583
981,2019-09-27,8251.845703125,8775.45
982,2019-09-28,8245.9150390625,8610.39
983,2019-09-29,8104.185546875,8482.993
984,2019-09-30,8293.8681640625,8446.89
985,2019-10-01,8343.2763671875,8456.783
986,2019-10-02,8393.0419921875,8493.58
987,2019-10-03,8259.9921875,8497.481
988,2019-10-04,8205.939453125,8478.701
989,2019-10-05,8151.50048828125,8439.842
990,2019-10-06,7988.15576171875,8361.23
991,2019-10-07,8245.623046875,8347.185
992,2019-10-08,8228.783203125,8343.655
993,2019-10-09,8595.740234375,8434.99
994,2019-10-10,8586.4736328125,8529.26
995,2019-10-11,8321.7568359375,8551.478
996,2019-10-12,8336.5556640625,8562.76
997,2019-10-13,8321.005859375,8560.232
998,2019-10-14,8374.6865234375,8558.423
999,2019-10-15,8205.369140625,8517.761
1000,2019-10-16,8047.52685546875,8439.774
1001,2019-10-17,8103.9111328125,8384.798
1002,2019-10-18,7973.20751953125,8315.614
1003,2019-10-19,7988.560546875,8264.52
1004,2019-10-20,8222.078125,8285.996
1005,2019-10-21,8243.720703125,8326.516
1006,2019-10-22,8078.203125,8330.067
1007,2019-10-23,7514.671875,8196.566
1008,2019-10-24,7493.48876953125,8056.201
1009,2019-10-25,8660.7001953125,8201.242
1010,2019-10-26,9244.97265625,8506.511
1011,2019-10-27,9551.71484375,8870.5205
1012,2019-10-28,9256.1484375,9107.004
1013,2019-10-29,9427.6875,9306.242
1014,2019-10-30,9205.7265625,9383.547
1015,2019-10-31,9199.5849609375,9402.244
1016,2019-11-01,9261.1044921875,9406.69
1017,2019-11-02,9324.7177734375,9416.069
1018,2019-11-03,9235.3544921875,9403.531
1019,2019-11-04,9412.6123046875,9433.652
1020,2019-11-05,9342.52734375,9451.136
1021,2019-11-06,9360.8798828125,9473.607
1022,2019-11-07,9267.561523437502,9471.958
1023,2019-11-08,8804.880859375,9358.7
1024,2019-11-09,8813.58203125,9252.073
1025,2019-11-10,9055.526367187502,9220.638
1026,2019-11-11,8757.7880859375,9136.963
1027,2019-11-12,8815.662109375,9072.097
1028,2019-11-13,8808.2626953125,9020.899
1029,2019-11-14,8708.0947265625,8970.976
1030,2019-11-15,8491.9921875,8887.059
1031,2019-11-16,8550.7607421875,8831.033
1032,2019-11-17,8577.9755859375,8795.289
1033,2019-11-18,8309.2861328125,8712.513
1034,2019-11-19,8206.1455078125,8614.364
1035,2019-11-20,8027.26806640625,8491.779
1036,2019-11-21,7642.75,8303.546
1037,2019-11-22,7296.57763671875,8066.2637
1038,2019-11-23,7397.796875,7893.8057
1039,2019-11-24,7047.9169921875,7697.4546
1040,2019-11-25,7146.1337890625,7570.0996
1041,2019-11-26,7218.37109375,7506.098
1042,2019-11-27,7531.66357421875,7546.1035
1043,2019-11-28,7463.10595703125,7586.6216
1044,2019-11-29,7761.24365234375,7693.138
1045,2019-11-30,7569.6298828125,7748.193
1046,2019-12-01,7424.29248046875,7745.1504
1047,2019-12-02,7321.98828125,7702.0166
1048,2019-12-03,7320.1455078125,7652.471
1049,2019-12-04,7252.03466796875,7592.176
1050,2019-12-05,7448.3076171875,7585.8594
1051,2019-12-06,7546.99658203125,7618.0195
1052,2019-12-07,7556.23779296875,7661.067
1053,2019-12-08,7564.34521484375,7703.835
1054,2019-12-09,7400.8994140625,7704.2334
1055,2019-12-10,7278.11962890625,7668.6865
1056,2019-12-11,7217.42724609375,7615.0137
1057,2019-12-12,7243.13427734375,7570.356
1058,2019-12-13,7269.6845703125,7542.904
1059,2019-12-14,7124.673828125,7490.1323
1060,2019-12-15,7152.3017578125,7452.488
1061,2019-12-16,6932.48046875,7377.5366
1062,2019-12-17,6640.51513671875,7251.0522
1063,2019-12-18,7276.802734375,7281.447
1064,2019-12-19,7202.84423828125,7322.547
1065,2019-12-20,7218.81640625,7368.5063
1066,2019-12-21,7191.15869140625,7400.3223
1067,2019-12-22,7511.5888671875,7491.778
1068,2019-12-23,7355.62841796875,7537.4927
1069,2019-12-24,7322.5322265625,7556.3535
1070,2019-12-25,7275.15576171875,7552.278
1071,2019-12-26,7238.966796875,7533.4565
1072,2019-12-27,7290.08837890625,7525.2285
1073,2019-12-28,7317.990234375,7526.9995
1074,2019-12-29,7422.65283203125,7554.555
1075,2019-12-30,7292.9951171875,7554.15
1076,2019-12-31,7193.59912109375,7528.918
1077,2020-01-01,7200.17431640625,7506.053
1078,2020-01-02,6985.47021484375,7440.4253
1079,2020-01-03,7344.88427734375,7459.8765
1080,2020-01-04,7410.65673828125,7505.617
1081,2020-01-05,7411.3173828125,7549.317
1082,2020-01-06,7769.21923828125,7663.1143
1083,2020-01-07,8163.6923828125,7860.2495
1084,2020-01-08,8079.86279296875,8013.203
1085,2020-01-09,7879.0712890625,8079.3887
1086,2020-01-10,8166.55419921875,8172.334
1087,2020-01-11,8037.53759765625,8213.801
1088,2020-01-12,8192.494140625,8266.851
1089,2020-01-13,8144.1943359375,8294.961
1090,2020-01-14,8827.7646484375,8468.851
1091,2020-01-15,8807.0107421875,8629.413
1092,2020-01-16,8723.7861328125,8741.513
1093,2020-01-17,8929.0380859375,8866.997
1094,2020-01-18,8942.80859375,8966.713
1095,2020-01-19,8706.2451171875,8979.609
1096,2020-01-20,8657.642578125,8955.218
1097,2020-01-21,8745.89453125,8941.531
1098,2020-01-22,8680.8759765625,8911.73
1099,2020-01-23,8406.515625,8824.302
1100,2020-01-24,8445.434570312498,8753.787
1101,2020-01-25,8367.84765625,8682.796
1102,2020-01-26,8596.830078125,8686.851
1103,2020-01-27,8909.8193359375,8783.877
1104,2020-01-28,9358.58984375,8988.125
1105,2020-01-29,9316.6298828125,9162.936
1106,2020-01-30,9508.9931640625,9343.368
1107,2020-01-31,9350.529296875,9437.281
1108,2020-02-01,9392.875,9494.779
1109,2020-02-02,9344.365234375,9507.408
1110,2020-02-03,9293.521484375,9493.602
1111,2020-02-04,9180.962890625,9444.656
1112,2020-02-05,9613.423828125,9500.95
1113,2020-02-06,9729.8017578125,9596.935
1114,2020-02-07,9795.943359375,9704.597
1115,2020-02-08,9865.119140625,9810.944
1116,2020-02-09,10116.673828125,9955.696
1117,2020-02-10,9856.611328125,10011.991
1118,2020-02-11,10208.236328124998,10120.639
1119,2020-02-12,10326.0546875,10232.534
1120,2020-02-13,10214.3798828125,10289.614
1121,2020-02-14,10312.1162109375,10341.064
1122,2020-02-15,9889.4248046875,10270.726
1123,2020-02-16,9934.43359375,10201.845
1124,2020-02-17,9690.142578125,10086.037
1125,2020-02-18,10141.99609375,10097.448
1126,2020-02-19,9633.38671875,10011.478
1127,2020-02-20,9608.4755859375,9928.253
1128,2020-02-21,9686.44140625,9882.384
1129,2020-02-22,9663.181640625,9849.355
1130,2020-02-23,9924.515625,9891.802
1131,2020-02-24,9650.1748046875,9873.957
1132,2020-02-25,9341.705078125,9780.282
1133,2020-02-26,8820.5224609375,9563.332
1134,2020-02-27,8784.494140625,9356.275
1135,2020-02-28,8672.455078125,9165.147
1136,2020-02-29,8599.5087890625,9007.659
1137,2020-03-01,8562.4541015625,8887.434
1138,2020-03-02,8869.669921875,8884.85
1139,2020-03-03,8787.7861328125,8896.216
1140,2020-03-04,8755.24609375,8909.597
1141,2020-03-05,9078.7626953125,8999.757
1142,2020-03-06,9122.5458984375,9091.182
1143,2020-03-07,8909.9541015625,9114.3955
1144,2020-03-08,8108.1162109375,8925.069
1145,2020-03-09,7923.64453125,8688.942
1146,2020-03-10,7909.729492187501,8474.815
1147,2020-03-11,7911.43017578125,8312.305
1148,2020-03-12,4970.7880859375,7543.5933
1149,2020-03-13,5563.70703125,6977.201
1150,2020-03-14,5200.3662109375,6482.2334
1151,2020-03-15,5392.31494140625,6169.232
1152,2020-03-16,5014.47998046875,5899.742
1153,2020-03-17,5225.62939453125,5760.544
1154,2020-03-18,5238.4384765625,5691.65
1155,2020-03-19,6191.19287109375,5860.0396
1156,2020-03-20,6198.7783203125,6046.4043
1157,2020-03-21,6185.06640625,6201.7227
1158,2020-03-22,5830.2548828125,6237.2246
1159,2020-03-23,6416.31494140625,6352.0107
1160,2020-03-24,6734.8037109375,6512.2397
1161,2020-03-25,6681.06298828125,6638.492
1162,2020-03-26,6716.4404296875,6741.4683
1163,2020-03-27,6469.79833984375,6762.506
1164,2020-03-28,6242.19384765625,6710.0527
1165,2020-03-29,5922.04296875,6587.606
1166,2020-03-30,6429.841796875,6592.553
1167,2020-03-31,6438.64453125,6627.7534
1168,2020-04-01,6606.7763671875,6689.273
1169,2020-04-02,6793.62451171875,6799.5566
1170,2020-04-03,6733.38720703125,6883.7803
1171,2020-04-04,6867.52734375,6976.3613
1172,2020-04-05,6791.12939453125,7025.0874
1173,2020-04-06,7271.78125,7156.8037
1174,2020-04-07,7176.41455078125,7249.3057
1175,2020-04-08,7334.0986328125,7356.0605
1176,2020-04-09,7302.08935546875,7428.5117
1177,2020-04-10,6865.4931640625,7376.424
1178,2020-04-11,6859.0830078125,7301.5444
1179,2020-04-12,6971.091796875,7261.014
1180,2020-04-13,6845.03759765625,7210.612
1181,2020-04-14,6842.427734375,7173.595
1182,2020-04-15,6642.10986328125,7107.2715
1183,2020-04-16,7116.80419921875,7155.253
1184,2020-04-17,7096.1845703125,7210.0693
1185,2020-04-18,7257.6650390625,7294.4614
1186,2020-04-19,7189.4248046875,7356.0566
1187,2020-04-20,6881.95849609375,7329.4507
1188,2020-04-21,6880.3232421875,7286.2065
1189,2020-04-22,7117.20751953125,7293.543
1190,2020-04-23,7429.724609375,7374.074
1191,2020-04-24,7550.90087890625,7482.1836
1192,2020-04-25,7569.93603515625,7580.7646
1193,2020-04-26,7679.8671875,7686.4644
1194,2020-04-27,7795.60107421875,7794.357
1195,2020-04-28,7807.05859375,7881.9663
1196,2020-04-29,8801.0380859375,8170.7783
1197,2020-04-30,8658.5537109375,8399.883
1198,2020-05-01,8864.7666015625,8622.916
1199,2020-05-02,8988.5966796875,8819.091
1200,2020-05-03,8897.46875,8936.515
1201,2020-05-04,8912.654296875,9007.203
1202,2020-05-05,9003.0703125,9063.309
1203,2020-05-06,9268.76171875,9165.565
1204,2020-05-07,9951.5185546875,9415.62
1205,2020-05-08,9842.666015625,9619.524
1206,2020-05-09,9593.896484375,9715.068
1207,2020-05-10,8756.4306640625,9558.414
1208,2020-05-11,8601.7958984375,9339.488
1209,2020-05-12,8804.4775390625,9191.032
1210,2020-05-13,9269.9873046875,9198.706
1211,2020-05-14,9733.7216796875,9355.091
1212,2020-05-15,9328.197265625,9423.686
1213,2020-05-16,9377.013671875,9480.857
1214,2020-05-17,9670.7392578125,9586.547
1215,2020-05-18,9726.5751953125,9685.679
1216,2020-05-19,9729.0380859375,9767.21
1217,2020-05-20,9522.9814453125,9769.162
1218,2020-05-21,9081.76171875,9643.305
1219,2020-05-22,9182.5771484375,9535.456
1220,2020-05-23,9209.287109375,9450.857
1221,2020-05-24,8790.3681640625,9291.702
1222,2020-05-25,8906.9345703125,9187.651
1223,2020-05-26,8835.052734375,9106.674
1224,2020-05-27,9181.017578125002,9145.479
1225,2020-05-28,9525.7509765625,9287.676
1226,2020-05-29,9439.1240234375,9405.575
1227,2020-05-30,9700.414062500002,9552.074
1228,2020-05-31,9461.05859375,9607.82
1229,2020-06-01,10167.2685546875,9798.518
1230,2020-06-02,9529.8037109375,9812.481
1231,2020-06-03,9656.7177734375,9820.933
1232,2020-06-04,9800.63671875,9843.515
1233,2020-06-05,9665.533203125,9828.417
1234,2020-06-06,9653.6796875,9810.627
1235,2020-06-07,9758.8525390625,9823.207
1236,2020-06-08,9771.4892578125,9845.665
1237,2020-06-09,9795.7001953125,9874.516
1238,2020-06-10,9870.0947265625,9916.461
1239,2020-06-11,9321.78125,9822.371
1240,2020-06-12,9480.84375,9760.678
1241,2020-06-13,9475.27734375,9706.001
1242,2020-06-14,9386.7880859375,9645.017
1243,2020-06-15,9450.7021484375,9611.903
1244,2020-06-16,9538.0244140625,9616.215
1245,2020-06-17,9480.2548828125,9617.808
1246,2020-06-18,9411.8408203125,9603.305
1247,2020-06-19,9288.0185546875,9561.093
1248,2020-06-20,9332.3408203125,9529.886
1249,2020-06-21,9303.6298828125,9504.984
1250,2020-06-22,9648.7177734375,9563.402
1251,2020-06-23,9629.658203125,9623.548
1252,2020-06-24,9313.6103515625,9600.197
1253,2020-06-25,9264.8134765625,9551.6875
1254,2020-06-26,9162.91796875,9479.099
1255,2020-06-27,9045.390625,9389.071
1256,2020-06-28,9143.58203125,9339.456
1257,2020-06-29,9190.8544921875,9322.49
1258,2020-06-30,9137.9931640625,9308.937
1259,2020-07-01,9228.3251953125,9320.353
1260,2020-07-02,9123.41015625,9313.245
1261,2020-07-03,9087.3037109375,9297.023
1262,2020-07-04,9132.48828125,9291.511
1263,2020-07-05,9073.9423828125,9275.207
1264,2020-07-06,9375.474609375,9332.65
1265,2020-07-07,9252.27734375,9361.425
1266,2020-07-08,9428.3330078125,9422.139
1267,2020-07-09,9277.9677734375,9436.63
1268,2020-07-10,9278.8076171875,9439.198
1269,2020-07-11,9240.3466796875,9426.455
1270,2020-07-12,9276.5,9424.132
1271,2020-07-13,9243.6142578125,9415.797
1272,2020-07-14,9243.2138671875,9406.795
1273,2020-07-15,9192.8369140625,9388.454
1274,2020-07-16,9132.2275390625,9358.011
1275,2020-07-17,9151.392578125,9336.103
1276,2020-07-18,9159.0400390625,9324.024
1277,2020-07-19,9185.8173828125,9324.784
1278,2020-07-20,9164.2314453125,9323.837
1279,2020-07-21,9374.8876953125,9374.587
1280,2020-07-22,9525.36328125,9458.999
1281,2020-07-23,9581.072265625,9546.174
1282,2020-07-24,9536.892578125,9604.354
1283,2020-07-25,9677.11328125,9674.342
1284,2020-07-26,9905.1669921875,9784.038
1285,2020-07-27,10990.873046875,10138.098
1286,2020-07-28,10912.8232421875,10447.103
1287,2020-07-29,11100.4677734375,10732.213
1288,2020-07-30,11111.2138671875,10942.922
1289,2020-07-31,11323.466796875,11132.411
1290,2020-08-01,11759.5927734375,11372.089
1291,2020-08-02,11053.6142578125,11378.692
1292,2020-08-03,11246.3486328125,11382.268
1293,2020-08-04,11205.892578125,11358.62
1294,2020-08-05,11747.0224609375,11470.126
1295,2020-08-06,11779.7734375,11593.729
1296,2020-08-07,11601.47265625,11655.833
1297,2020-08-08,11754.0458984375,11732.992
1298,2020-08-09,11675.7392578125,11770.636
1299,2020-08-10,11878.111328125,11842.907
1300,2020-08-11,11410.525390625,11780.434
1301,2020-08-12,11584.9345703125,11746.543
1302,2020-08-13,11784.1376953125,11764.843
1303,2020-08-14,11768.87109375,11783.7295
1304,2020-08-15,11865.6982421875,11826.509
1305,2020-08-16,11892.8037109375,11879.459
1306,2020-08-17,12254.40234375,12013.159
1307,2020-08-18,11991.2333984375,12064.236
1308,2020-08-19,11758.283203125,12027.751
1309,2020-08-20,11878.3720703125,12007.868
1310,2020-08-21,11592.4892578125,11917.11
1311,2020-08-22,11681.8251953125,11847.798
1312,2020-08-23,11664.84765625,11793.592
1313,2020-08-24,11774.595703124998,11785.773
1314,2020-08-25,11366.134765625,11693.3545
1315,2020-08-26,11488.36328125,11641.688
1316,2020-08-27,11323.3974609375,11564.825
1317,2020-08-28,11542.5,11561.953
1318,2020-08-29,11506.865234375,11565.865
1319,2020-08-30,11711.505859375,11628.698
1320,2020-08-31,11680.8203125,11676.946
1321,2020-09-01,11970.478515625,11788.475
1322,2020-09-02,11414.0341796875,11742.12
1323,2020-09-03,10245.296875,11376.374
1324,2020-09-04,10511.8134765625,11091.124
1325,2020-09-05,10169.5673828125,10787.85
1326,2020-09-06,10280.3515625,10591.56
1327,2020-09-07,10369.5634765625,10492.03
1328,2020-09-08,10131.5166015625,10391.543
1329,2020-09-09,10242.34765625,10357.459
1330,2020-09-10,10363.138671875,10378.129
1331,2020-09-11,10400.9150390625,10421.793
1332,2020-09-12,10442.1708984375,10473.274
1333,2020-09-13,10323.755859375,10484.561
1334,2020-09-14,10680.837890625,10564.662
1335,2020-09-15,10796.951171875,10663.122
1336,2020-09-16,10974.9052734375,10784.3955
1337,2020-09-17,10948.990234375,10876.251
1338,2020-09-18,10944.5859375,10938.578
1339,2020-09-19,11094.3466796875,11018.001
1340,2020-09-20,10938.271484375,11042.632
1341,2020-09-21,10462.259765625,10936.204
1342,2020-09-22,10538.4599609375,10840.492
1343,2020-09-23,10246.1865234375,10682.441
1344,2020-09-24,10760.06640625,10683.207
1345,2020-09-25,10692.716796875,10699.014
1346,2020-09-26,10750.7236328125,10743.533
1347,2020-09-27,10775.26953125,10795.622
1348,2020-09-28,10709.65234375,10820.632
1349,2020-09-29,10844.640625,10867.75
1350,2020-09-30,10784.4912109375,10889.626
1351,2020-10-01,10619.4521484375,10857.012
1352,2020-10-02,10575.974609375,10804.706
1353,2020-10-03,10549.3291015625,10746.526
1354,2020-10-04,10669.5830078125,10731.084
1355,2020-10-05,10793.33984375,10759.932
1356,2020-10-06,10604.40625,10750.137
1357,2020-10-07,10668.96875,10755.563
1358,2020-10-08,10915.685546875,10824.71
1359,2020-10-09,11064.4580078125,10931.403
1360,2020-10-10,11296.361328125,11081.33
1361,2020-10-11,11384.181640625,11224.369
1362,2020-10-12,11555.36328125,11376.07
1363,2020-10-13,11425.8994140625,11453.827
1364,2020-10-14,11429.5068359375,11498.675
1365,2020-10-15,11495.349609375,11533.064
1366,2020-10-16,11322.123046875,11508.09
1367,2020-10-17,11358.1015625,11484.282
1368,2020-10-18,11483.359375,11495.367
1369,2020-10-19,11742.037109375,11580.352
1370,2020-10-20,11916.3349609375,11709.461
1371,2020-10-21,12823.689453125,12056.843
1372,2020-10-22,12965.8916015625,12409.373
1373,2020-10-23,12931.5390625,12679.466
1374,2020-10-24,13108.0625,12909.136
1375,2020-10-25,13031.173828125,13038.737
1376,2020-10-26,13075.248046875,13110.356
1377,2020-10-27,13654.21875,13292.63
1378,2020-10-28,13271.28515625,13342.559
1379,2020-10-29,13437.8828125,13400.925
1380,2020-10-30,13546.522460937498,13470.367
1381,2020-10-31,13780.9951171875,13589.286
1382,2020-11-01,13737.109375,13681.282
1383,2020-11-02,13550.4892578125,13696.904
1384,2020-11-03,13950.30078125,13800.295
1385,2020-11-04,14133.70703125,13941.016
1386,2020-11-05,15579.848632812498,14455.095
1387,2020-11-06,15565.880859375,14919.615
1388,2020-11-07,14833.75390625,15063.97
1389,2020-11-08,15479.5673828125,15274.175
1390,2020-11-09,15332.3154296875,15369.573
1391,2020-11-10,15290.90234375,15400.21
1392,2020-11-11,15701.33984375,15512.464
1393,2020-11-12,16276.34375,15769.914
1394,2020-11-13,16317.80859375,16009.408
1395,2020-11-14,16068.138671875,16117.222
1396,2020-11-15,15955.587890625,16133.401
1397,2020-11-16,16716.111328125,16341.563
1398,2020-11-17,17645.40625,16799.188
1399,2020-11-18,17804.005859375,17251.469
1400,2020-11-19,17817.08984375,17599.861
1401,2020-11-20,18621.314453125,18071.13
1402,2020-11-21,18642.232421875,18426.39
1403,2020-11-22,18370.001953125,18560.219
1404,2020-11-23,18364.12109375,18585.912
1405,2020-11-24,19107.46484375,18786.055
1406,2020-11-25,18732.12109375,18848.367
1407,2020-11-26,17150.623046875,18371.45
1408,2020-11-27,17108.40234375,17883.389
1409,2020-11-28,17717.4140625,17690.082
1410,2020-11-29,18177.484375,17755.291
1411,2020-11-30,19625.8359375,18339.693
1412,2020-12-01,18802.998046875,18661.436
1413,2020-12-02,19201.091796875,19002.828
1414,2020-12-03,19445.3984375,19308.836
1415,2020-12-04,18699.765625000004,19260.377
1416,2020-12-05,19154.23046875,19265.102
1417,2020-12-06,19345.12109375,19307.459
1418,2020-12-07,19191.630859375,19292.09
1419,2020-12-08,18321.14453125,18987.305
1420,2020-12-09,18553.916015625004,18772.457
1421,2020-12-10,18264.9921875,18540.05
1422,2020-12-11,18058.904296875,18315.5
1423,2020-12-12,18803.65625,18397.234
1424,2020-12-13,19142.3828125,18646.525
1425,2020-12-14,19246.64453125,18935.639
1426,2020-12-15,19417.076171875,19218.42
1427,2020-12-16,21310.59765625,20011.596
1428,2020-12-17,22805.162109375,21191.227
1429,2020-12-18,23137.9609375,22273.35
1430,2020-12-19,23869.83203125,23287.943
1431,2020-12-20,23477.294921875,23824.996
1432,2020-12-21,22803.08203125,23786.959
1433,2020-12-22,23783.029296875,23902.29
1434,2020-12-23,23241.345703125,23755.426
1435,2020-12-24,23735.94921875,23749.11
1436,2020-12-25,24664.791015625,24099.648
1437,2020-12-26,26437.037109375,25090.803
1438,2020-12-27,26272.294921875,25910.703
1439,2020-12-28,27084.80859375,26780.396
1440,2020-12-29,27362.4375,27480.17
1441,2020-12-30,28840.953125,28456.748
1442,2020-12-31,29001.720703125,29201.812
1443,2021-01-01,29374.15234375,29772.115
1444,2021-01-02,32127.267578125,31160.672
1445,2021-01-03,32782.0234375,32507.65
1446,2021-01-04,31971.9140625,33049.39
1447,2021-01-05,33992.4296875,34018.707
1448,2021-01-06,36824.36328125,35889.266
1449,2021-01-07,39371.04296875,38459.496
1450,2021-01-08,40797.609375,40984.332
1451,2021-01-09,40254.546875,42301.08
1452,2021-01-10,38356.44140625,41825.53
1453,2021-01-11,35566.65625,39620.105
1454,2021-01-12,33922.9609375,36833.81
1455,2021-01-13,37316.359375,36170.312
1456,2021-01-14,39187.32812499999,37031.453
1457,2021-01-15,36825.3671875,37136.37
1458,2021-01-16,36178.140625,36894.57
1459,2021-01-17,35791.27734375,36486.555
1460,2021-01-18,36630.07421875,36525.1
1461,2021-01-19,36069.8046875,36422.207
1462,2021-01-20,35547.75,36112.332
1463,2021-01-21,30825.69921875,33822.227
1464,2021-01-22,33005.76171875,32762.43
1465,2021-01-23,32067.642578125,31831.625
1466,2021-01-24,32289.37890625,31395.766
1467,2021-01-25,32366.392578125,31345.275
1468,2021-01-26,32569.849609375,31610.965
1469,2021-01-27,30432.546875,31091.844
1470,2021-01-28,33466.09765625,31889.572
1471,2021-01-29,34316.38671875,33082.918
1472,2021-01-30,34269.5234375,34028.293
1473,2021-01-31,33114.359375,34090.223
1474,2021-02-01,33537.17578125,34029.58
1475,2021-02-02,35510.2890625,34752.83
1476,2021-02-03,37472.08984375,36258.44
1477,2021-02-04,36926.06640625,37202.773
1478,2021-02-05,38144.30859375,38249.24
1479,2021-02-06,39266.01171875,39392.992
1480,2021-02-07,38903.44140625,39961.668
1481,2021-02-08,46196.46484375,43498.1
1482,2021-02-09,46481.10546875,46597.293
1483,2021-02-10,44918.18359375,47748.83
1484,2021-02-11,47909.33203125,49307.26
1485,2021-02-12,47504.8515625,49928.62
1486,2021-02-13,47105.515625,49788.375
1487,2021-02-14,48717.2890625,50097.434
1488,2021-02-15,47945.05859375,49918.062
1489,2021-02-16,49199.87109375,50190.05
1490,2021-02-17,52149.0078125,51794.63
1491,2021-02-18,51679.796875,52936.5
1492,2021-02-19,55888.1328125,55489.74
1493,2021-02-20,56099.51953125,57450.016
1494,2021-02-21,57539.9453125,59169.176
1495,2021-02-22,54207.3203125,58639.9
1496,2021-02-23,48824.42578125,55389.504
1497,2021-02-24,49705.33203125,52812.887
1498,2021-02-25,47093.8515625,49976.043
1499,2021-02-26,46339.76171875,47733.41
1500,2021-02-27,46188.453125,46342.85
1501,2021-02-28,45137.76953125,45383.29
1502,2021-03-01,49631.2421875,46933.484
1503,2021-03-02,48378.98828125,48145.902
1504,2021-03-03,50538.2421875,50061.45
1505,2021-03-04,48561.16796875,50575.12
1506,2021-03-05,48927.3046875,50695.438
1507,2021-03-06,48912.3828125,50523.047
1508,2021-03-07,51206.69140625,51214.56
1509,2021-03-08,52246.5234375,52245.863
1510,2021-03-09,54824.1171875,54155.13
1511,2021-03-10,56008.55078125,56068.34
1512,2021-03-11,57805.12109375,58132.734
1513,2021-03-12,57332.08984375,59224.98
1514,2021-03-13,61243.0859375,61350.75
1515,2021-03-14,59302.31640625,61954.62
1516,2021-03-15,55907.19921875,60513.04
1517,2021-03-16,56804.90234375,59416.043
1518,2021-03-17,58870.89453125,59457.66
1519,2021-03-18,57858.921875,59321.793
1520,2021-03-19,58346.65234375,59456.23
1521,2021-03-20,58313.64453125,59589.41
1522,2021-03-21,57523.421875,59440.348
1523,2021-03-22,54529.14453125,58050.594
1524,2021-03-23,54738.9453125,56957.855
1525,2021-03-24,52774.265625,55411.617
1526,2021-03-25,51704.16015625,53856.574
1527,2021-03-26,55137.3125,54214.81
1528,2021-03-27,55973.51171875,55297.176
1529,2021-03-28,55950.74609375,56276.266
1530,2021-03-29,57750.19921875,57707.11
1531,2021-03-30,58917.69140625,59194.336
1532,2021-03-31,58918.83203125,60144.27
1533,2021-04-01,59095.80859375,60630.508
1534,2021-04-02,59384.3125,60913.55
1535,2021-04-03,57603.890625,60201.176
1536,2021-04-04,58758.5546875,59887.19
1537,2021-04-05,59057.87890625,59848.8
1538,2021-04-06,58192.359375,59586.746
1539,2021-04-07,56048.9375,58535.3
1540,2021-04-08,58323.953125,58631.94
1541,2021-04-09,58245.00390625,58939.03
1542,2021-04-10,59793.234375,59893.508
1543,2021-04-11,60204.96484375,60821.766
1544,2021-04-12,59893.45312500001,61314.438
1545,2021-04-13,63503.45703125,62910.867
1546,2021-04-14,63109.6953125,63917.91
1547,2021-04-15,63314.01171875,64521.29
1548,2021-04-16,61572.7890625,64035.77
1549,2021-04-17,60683.8203125,63049.508
1550,2021-04-18,56216.18359375,60508.117
1551,2021-04-19,55724.265625,58295.83
1552,2021-04-20,56473.03125,57165.746
1553,2021-04-21,53906.08984375,55740.29
1554,2021-04-22,51762.2734375,54017.17
1555,2021-04-23,51093.65234375,52578.38
1556,2021-04-24,50050.8671875,51336.105
1557,2021-04-25,49004.25390625,50196.375
1558,2021-04-26,54021.75390625,51609.27
1559,2021-04-27,55033.1171875,53632.27
1560,2021-04-28,54824.703125,55183.562
1561,2021-04-29,53555.109375,55524.832
1562,2021-04-30,57750.17578125,57177.465
1563,2021-05-01,57828.05078125,58420.22
1564,2021-05-02,56631.078125,58577.254
1565,2021-05-03,57200.29296875,58643.52
1566,2021-05-04,53333.5390625,56954.773
1567,2021-05-05,57424.0078125,57152.68
1568,2021-05-06,56396.515625,57218.637
1569,2021-05-07,57356.40234375,57758.234
1570,2021-05-08,58803.77734375,58822.844
1571,2021-05-09,58232.31640624999,59465.406
1572,2021-05-10,55859.796875,58876.58
1573,2021-05-11,56704.57421875,58512.918
1574,2021-05-12,49150.53515625,55160.29
1575,2021-05-13,49716.19140625,52478.938
1576,2021-05-14,49880.53515625,50756.28
1577,2021-05-15,46760.1875,48578.62
1578,2021-05-16,46456.05859375,47062.562
1579,2021-05-17,43537.51171875,45032.293
1580,2021-05-18,42909.40234375,43371.4
1581,2021-05-19,37002.44140625,39886.57
1582,2021-05-20,40782.73828125,38841.47
1583,2021-05-21,37304.69140625,37245.305
1584,2021-05-22,37536.6328125,36344.676
1585,2021-05-23,34770.58203125,34828.043
1586,2021-05-24,38705.98046875,35410.76
1587,2021-05-25,38402.22265625,36317.348
1588,2021-05-26,39294.19921875,37578.473
1589,2021-05-27,38436.96875,38222.09
1590,2021-05-28,35697.60546875,37332.52
1591,2021-05-29,34616.06640625,35867.207
1592,2021-05-30,35678.12890625,35111.895
1593,2021-05-31,37332.85546875,35507.367
1594,2021-06-01,36684.92578125,35777.508
1595,2021-06-02,37575.1796875,36495.76
1596,2021-06-03,39208.765625,37882.113
1597,2021-06-04,36894.40625,37959.355
1598,2021-06-05,35551.95703125,37168.316
1599,2021-06-06,35862.37890625,36477.805
1600,2021-06-07,33560.70703125,34995.26
1601,2021-06-08,33472.6328125,33743.84
1602,2021-06-09,37345.12109375,34670.004
1603,2021-06-10,36702.59765625,35563.875
1604,2021-06-11,37334.3984375,36623.402
1605,2021-06-12,35552.515625,36583.953
1606,2021-06-13,39097.859375,37917.652
1607,2021-06-14,40218.4765625,39556.383
1608,2021-06-15,40406.26953125,40853.156
1609,2021-06-16,38347.0625,40634.34
1610,2021-06-17,38053.50390625,39858.33
1611,2021-06-18,35787.24609375,38031.32
1612,2021-06-19,35615.87109375,36437.95
1613,2021-06-20,35698.296875,35433.07
1614,2021-06-21,31676.693359375,33245.53
1615,2021-06-22,32505.66015625,32004.844
1616,2021-06-23,33723.02734375,31960.582
1617,2021-06-24,34662.4375,32740.459
1618,2021-06-25,31637.779296875,32364.314
1619,2021-06-26,32186.27734375,32191.637
1620,2021-06-27,34649.64453125,33083.883
1621,2021-06-28,34434.3359375,33864.35
1622,2021-06-29,35867.77734375,35085.023
1623,2021-06-30,35040.8359375,35597.125
1624,2021-07-01,33572.1171875,35096.84
1625,2021-07-02,33897.046875,34538.184
1626,2021-07-03,34668.546875,34425.0
1627,2021-07-04,35287.78125,34712.8
1628,2021-07-05,33746.00390625,34378.457
1629,2021-07-06,34235.1953125,34244.918
1630,2021-07-07,33855.328125,34034.355
1631,2021-07-08,32877.37109375,33469.844
1632,2021-07-09,33798.01171875,33429.594
1633,2021-07-10,33520.51953125,33419.715
1634,2021-07-11,34240.1875,33731.04
1635,2021-07-12,33155.84765625,33597.195
1636,2021-07-13,32702.025390625,33250.277
1637,2021-07-14,32822.34765625,32999.83
1638,2021-07-15,31780.73046875,32358.57
1639,2021-07-16,31421.5390625,31708.38
1640,2021-07-17,31533.068359375,31339.463
1641,2021-07-18,31796.810546875,31281.893
1642,2021-07-19,30817.83203125,30980.824
1643,2021-07-20,29807.34765625,30348.07
1644,2021-07-21,32110.693359375,30777.688
1645,2021-07-22,32313.10546875,31419.262
1646,2021-07-23,33581.55078125,32532.125
1647,2021-07-24,34292.4453125,33738.305
1648,2021-07-25,35350.1875,35021.13
1649,2021-07-26,37337.53515625,36746.0
1650,2021-07-27,39406.94140625,38870.504
1651,2021-07-28,39995.90625,40573.79
1652,2021-07-29,40008.421875,41517.957
1653,2021-07-30,42235.546875,42823.395
1654,2021-07-31,41626.1953125,43318.266
1655,2021-08-01,39974.89453125,42577.42
1656,2021-08-02,39201.9453125,41322.137
1657,2021-08-03,38152.98046875,39790.117
1658,2021-08-04,39747.50390625,39367.13
1659,2021-08-05,40869.5546875,39865.836
1660,2021-08-06,42816.5,41420.65
1661,2021-08-07,44555.80078125,43616.793
1662,2021-08-08,43798.1171875,44917.62
1663,2021-08-09,46365.40234375,46712.867
1664,2021-08-10,45585.03125,47520.117
1665,2021-08-11,45593.63671875,47704.44
1666,2021-08-12,44428.2890625,46976.9
1667,2021-08-13,47793.3203125,47676.93
1668,2021-08-14,47096.9453125,48030.137
1669,2021-08-15,47047.00390625,48191.195
1670,2021-08-16,46004.484375,47753.62
1671,2021-08-17,44695.359375,46707.72
1672,2021-08-18,44801.1875,45891.188
1673,2021-08-19,46717.578125,46279.4
1674,2021-08-20,49339.17578125,48043.7
1675,2021-08-21,48905.4921875,49407.914
1676,2021-08-22,49321.65234375,50446.207
1677,2021-08-23,49546.1484375,51060.45
1678,2021-08-24,47706.1171875,50451.47
1679,2021-08-25,48960.7890625,50236.965
1680,2021-08-26,46942.21875,49185.31
1681,2021-08-27,49058.66796875,49233.613
1682,2021-08-28,48902.40234375,49392.168
1683,2021-08-29,48829.83203125,49581.855
1684,2021-08-30,47054.984375,48930.47
1685,2021-08-31,47166.6875,48362.812
1686,2021-09-01,48847.02734375,48706.785
1687,2021-09-02,49327.72265625,49433.895
1688,2021-09-03,50025.375,50363.58
1689,2021-09-04,49944.625,51003.93
1690,2021-09-05,51753.41015625,52127.69
1691,2021-09-06,52633.53515625,53282.27
1692,2021-09-07,46811.12890625,51420.4
1693,2021-09-08,46091.390625,49171.953
1694,2021-09-09,46391.421875,47575.16
1695,2021-09-10,44883.91015625,45974.105
1696,2021-09-11,45201.45703125,45137.56
1697,2021-09-12,46063.26953125,45229.566
1698,2021-09-13,44963.07421875,45132.918
1699,2021-09-14,47092.4921875,46119.973
1700,2021-09-15,48176.34765625,47545.086
1701,2021-09-16,47783.359375,48517.754
1702,2021-09-17,47267.51953125001,48812.285
1703,2021-09-18,48278.36328125,49220.355
1704,2021-09-19,47260.21875,48921.684
1705,2021-09-20,42843.80078124999,46530.03
1706,2021-09-21,40693.67578125,43473.363
1707,2021-09-22,43574.5078125,42431.137
1708,2021-09-23,44895.09765625,42824.387
1709,2021-09-24,42839.75,42741.25
1710,2021-09-25,42716.59375,42748.52
1711,2021-09-26,43208.5390625,43072.32
1712,2021-09-27,42235.73046875,42903.71
1713,2021-09-28,41034.54296875,42185.367
1714,2021-09-29,41564.36328125,41805.12
1715,2021-09-30,43790.89453125,42581.44
1716,2021-10-01,48116.94140625,45388.36
1717,2021-10-02,47711.48828125,47617.305
1718,2021-10-03,48199.953125,49197.242
1719,2021-10-04,49112.90234375,50402.35
1720,2021-10-05,51514.8125,52062.668
1721,2021-10-06,55361.44921875,54870.66
1722,2021-10-07,53805.984375,56131.414
1723,2021-10-08,53967.84765625,56624.457
1724,2021-10-09,54968.22265625,57023.79
1725,2021-10-10,54771.578125,56984.39
1726,2021-10-11,57484.7890625,57944.55
1727,2021-10-12,56041.05859375,58155.004
1728,2021-10-13,57401.09765625,58736.81
1729,2021-10-14,57321.5234375,59088.22
1730,2021-10-15,61593.94921875,61042.855
1731,2021-10-16,60892.1796875,62320.73
1732,2021-10-17,61553.6171875,63245.418
1733,2021-10-18,62026.078125,63819.266
1734,2021-10-19,64261.9921875,64885.598
1735,2021-10-20,65992.8359375,66254.125
1736,2021-10-21,62210.17187500001,65672.42
1737,2021-10-22,60692.265625,64207.42
1738,2021-10-23,61393.6171875,63196.203
1739,2021-10-24,60930.8359375,62389.992
1740,2021-10-25,63039.82421875,62770.047
1741,2021-10-26,60363.79296875,62324.324
1742,2021-10-27,58482.38671875,61168.38
1743,2021-10-28,60622.13671875,61068.2
1744,2021-10-29,62227.96484375,61848.83
1745,2021-10-30,61888.83203125,62455.164
1746,2021-10-31,61318.95703125,62643.863
1747,2021-11-01,61004.40625,62479.074
1748,2021-11-02,63226.40234375,63105.793
1749,2021-11-03,62970.046875,63509.723
1750,2021-11-04,61452.23046875,63174.805
1751,2021-11-05,61125.67578125,62610.04
1752,2021-11-06,61527.48046875,62305.008
1753,2021-11-07,63326.98828125,62853.25
1754,2021-11-08,67566.828125,65086.082
1755,2021-11-09,66971.828125,66704.21
1756,2021-11-10,64995.23046875,66841.98
1757,2021-11-11,64949.9609375,66527.65
1758,2021-11-12,64155.94140625,65837.31
1759,2021-11-13,64469.52734375,65368.223
1760,2021-11-14,65466.83984375,65486.293
1761,2021-11-15,63557.87109375,64941.145
1762,2021-11-16,60161.24609375,63192.25
1763,2021-11-17,60368.01171875,61899.145
1764,2021-11-18,56942.13671875,59862.99
1765,2021-11-19,58119.578125,58856.695
1766,2021-11-20,59697.1953125,59059.51
1767,2021-11-21,58730.4765625,59198.598
1768,2021-11-22,56289.2890625,58454.113
1769,2021-11-23,57569.07421875,58276.89
1770,2021-11-24,56280.42578125,57713.48
1771,2021-11-25,57274.6796875,57660.176
1772,2021-11-26,53569.765625,56237.098
1773,2021-11-27,54815.078125,55532.207
1774,2021-11-28,57248.45703125,56232.875
1775,2021-11-29,57806.56640625,57288.688
1776,2021-11-30,57005.42578125,57800.21
1777,2021-12-01,57229.828125,58142.69
1778,2021-12-02,56477.81640625,57990.3
1779,2021-12-03,53598.24609375,56604.004
1780,2021-12-04,49200.703125,53626.992
1781,2021-12-05,49368.84765625,51293.5
1782,2021-12-06,50582.625,50311.566
1783,2021-12-07,50700.0859375,50149.62
1784,2021-12-08,50504.796875,50286.492
1785,2021-12-09,47672.12109375,49405.207
1786,2021-12-10,47243.3046875,48496.637
1787,2021-12-11,49362.5078125,48779.004
1788,2021-12-12,50098.3359375,49580.95
1789,2021-12-13,46737.48046875,48871.37
1790,2021-12-14,46612.6328125,48003.605
1791,2021-12-15,48896.72265625,48322.36
1792,2021-12-16,47665.42578125,48196.145
1793,2021-12-17,46202.14453125,47450.027
1794,2021-12-18,46848.77734375,47129.2
1795,2021-12-19,46707.015625,46954.508
1796,2021-12-20,46880.27734375,47006.047
1797,2021-12-21,48936.61328125,48085.844
1798,2021-12-22,48628.51171875,48954.438
1799,2021-12-23,50784.5390625,50483.46
1800,2021-12-24,50822.1953125,51587.926
1801,2021-12-25,50429.859375,52037.8
1802,2021-12-26,50809.515625,52298.195
1803,2021-12-27,50640.41796875,52263.28
1804,2021-12-28,47588.85546875,50770.13
1805,2021-12-29,46444.71093750001,48879.887
1806,2021-12-30,47178.125,47788.11
1807,2021-12-31,46306.4453125,46913.38
1808,2022-01-01,47686.8125,47101.324
1809,2022-01-02,47345.21875,47377.91
1810,2022-01-03,46458.1171875,47316.14
1811,2022-01-04,45897.57421875,47028.906
1812,2022-01-05,43569.00390625,45730.695
1813,2022-01-06,43160.9296875,44419.13
1814,2022-01-07,41557.90234375,42797.055
1815,2022-01-08,41733.94140625,41722.195
1816,2022-01-09,41911.6015625,41234.82
1817,2022-01-10,41821.26171875,41121.438
1818,2022-01-11,42735.85546875,41635.41
1819,2022-01-12,43949.1015625,42790.94
1820,2022-01-13,42591.5703125,43170.668
1821,2022-01-14,43099.69921875,43511.855
1822,2022-01-15,43177.3984375,43722.0
1823,2022-01-16,43113.87890625,43768.652
1824,2022-01-17,42250.55078125,43297.117
1825,2022-01-18,42375.6328125,42881.395
1826,2022-01-19,41744.328125,42313.426
1827,2022-01-20,40680.41796875,41426.992
1828,2022-01-21,36457.31640625,38950.21
1829,2022-01-22,35030.25,36366.81
1830,2022-01-23,36276.8046875,35135.18
1831,2022-01-24,36654.328125,34883.305
1832,2022-01-25,36954.00390625,35263.418
1833,2022-01-26,36852.12109375,35817.004
1834,2022-01-27,37138.234375,36459.01
1835,2022-01-28,37784.33203125,37248.64
1836,2022-01-29,38138.17968750001,37974.742
1837,2022-01-30,37917.6015625,38322.1
1838,2022-01-31,38483.125,38678.156
1839,2022-02-01,38743.2734375,38973.47
1840,2022-02-02,36952.984375,38284.12
1841,2022-02-03,37154.6015625,37658.723
1842,2022-02-04,41500.875,39134.61
1843,2022-02-05,41441.1640625,40622.477
1844,2022-02-06,42412.43359375,42186.72
1845,2022-02-07,43840.28515625,43907.22
1846,2022-02-08,44118.4453125,45153.75
1847,2022-02-09,44338.79687500001,45879.2
1848,2022-02-10,43565.11328125,45705.09
1849,2022-02-11,42407.9375,44720.0
1850,2022-02-12,42244.46875,43709.48
1851,2022-02-13,42197.515625,42934.133
1852,2022-02-14,42586.91796875,42647.863
1853,2022-02-15,44575.203125,43511.0
1854,2022-02-16,43961.859375,44151.76
1855,2022-02-17,40538.01171875,43070.477
1856,2022-02-18,40030.9765625,41732.617
1857,2022-02-19,40122.15625,40728.57
1858,2022-02-20,38431.37890625,39389.746
1859,2022-02-21,37075.28125,37873.605
1860,2022-02-22,38286.02734375,37339.94
1861,2022-02-23,37296.5703125,36829.633
1862,2022-02-24,38332.609375,37115.445
1863,2022-02-25,39214.21875,37944.727
1864,2022-02-26,39105.1484375,38682.867
1865,2022-02-27,37709.78515625,38598.09
1866,2022-02-28,43193.234375,40805.316
1867,2022-03-01,44354.63671875,43311.242
1868,2022-03-02,43924.1171875,44890.133
1869,2022-03-03,42451.7890625,44927.742
1870,2022-03-04,39137.60546875,42904.297
1871,2022-03-05,39400.5859375,41042.41
1872,2022-03-06,38419.984375,39268.64
1873,2022-03-07,38062.0390625,38010.84
1874,2022-03-08,38737.26953125,37669.375
1875,2022-03-09,41982.92578125,39195.727
1876,2022-03-10,39437.4609375,39699.645
1877,2022-03-11,38794.97265625,39683.086
1878,2022-03-12,38904.01171875,39551.156
1879,2022-03-13,37849.6640625,38909.2
1880,2022-03-14,39666.75390625,39161.297
1881,2022-03-15,39338.78515625,39338.453
1882,2022-03-16,41143.9296875,40294.27
1883,2022-03-17,40951.37890625,41014.746
1884,2022-03-18,41801.15625,41820.703
1885,2022-03-19,42190.65234375,42480.582
1886,2022-03-20,41247.82421875,42483.598
1887,2022-03-21,41077.99609375,42216.094
1888,2022-03-22,42358.80859375,42487.473
1889,2022-03-23,42892.95703125,42988.055
1890,2022-03-24,43960.93359375,43841.2
1891,2022-03-25,44348.73046875,44675.797
1892,2022-03-26,44500.828125,45267.996
1893,2022-03-27,46820.4921875,46626.516
1894,2022-03-28,47128.00390625,47795.12
1895,2022-03-29,47465.73046875,48695.164
1896,2022-03-30,47062.6640625,48924.08
1897,2022-03-31,45538.67578125,48131.895
1898,2022-04-01,46281.64453125,47614.39
1899,2022-04-02,45868.94921875,47039.168
1900,2022-04-03,46453.56640625,46926.164
1901,2022-04-04,46622.67578125,47033.992
1902,2022-04-05,45555.9921875,46741.42
1903,2022-04-06,43206.73828125,45429.45
1904,2022-04-07,43503.84765625,44459.223
1905,2022-04-08,42287.6640625,43323.855
1906,2022-04-09,42782.13671875,42774.113
1907,2022-04-10,42207.671875,42323.64
1908,2022-04-11,39521.90234375,40944.44
1909,2022-04-12,40127.18359375,40116.5
1910,2022-04-13,41166.73046875,40150.32
1911,2022-04-14,39935.515625,39903.664
1912,2022-04-15,40553.46484375,40040.99
1913,2022-04-16,40424.484375,40220.824
1914,2022-04-17,39716.953125,40072.3
1915,2022-04-18,40826.21484375,40410.043
1916,2022-04-19,41502.75,41036.08
1917,2022-04-20,41374.37890625,41466.227
1918,2022-04-21,40527.36328125,41342.18
1919,2022-04-22,39740.3203125,40744.684
1920,2022-04-23,39486.73046875,40094.445
1921,2022-04-24,39469.29296875,39625.266
1922,2022-04-25,40458.30859375,39806.906
1923,2022-04-26,38117.4609375,39061.23
1924,2022-04-27,39241.12109375,38933.492
1925,2022-04-28,39773.828125,39211.766
1926,2022-04-29,38609.82421875,39050.824
1927,2022-04-30,37714.875,38490.09
1928,2022-05-01,38469.09375,38318.94
1929,2022-05-02,38529.328125,38328.61
1930,2022-05-03,37750.453125,38082.676
1931,2022-05-04,39698.37109375,38733.035
1932,2022-05-05,36575.140625,37996.418
1933,2022-05-06,36040.921875,36994.863
1934,2022-05-07,35501.953125,35958.77
1935,2022-05-08,34059.265625,34656.027
1936,2022-05-09,30296.953125,32203.541
1937,2022-05-10,31022.90625,30662.166
1938,2022-05-11,28936.35546875,29013.914
1939,2022-05-12,29047.751953125,28069.312
1940,2022-05-13,29283.103515625,27800.488
1941,2022-05-14,30101.265625,28251.14
1942,2022-05-15,31305.11328125,29366.402
1943,2022-05-16,29862.91796875,29788.172
1944,2022-05-17,30425.857421875,30223.762
1945,2022-05-18,28720.271484375,29787.969
1946,2022-05-19,30314.333984375,29880.277
1947,2022-05-20,29200.740234375,29534.059
1948,2022-05-21,29432.2265625,29316.303
1949,2022-05-22,30323.72265625,29540.445
1950,2022-05-23,29098.91015625,29320.232
1951,2022-05-24,29655.5859375,29372.047
1952,2022-05-25,29562.361328125,29404.424
1953,2022-05-26,29267.224609375,29351.611
1954,2022-05-27,28627.57421875,29071.506
1955,2022-05-28,28814.900390625,28907.453
1956,2022-05-29,29445.95703125,29036.613
1957,2022-05-30,31726.390625,30145.705
1958,2022-05-31,31792.310546875,31174.496
1959,2022-06-01,29799.080078125,31090.959
1960,2022-06-02,30467.48828125,31020.32
1961,2022-06-03,29704.390625,30570.004
1962,2022-06-04,29832.9140625,30208.95
1963,2022-06-05,29906.662109375,29966.184
1964,2022-06-06,31370.671875,30438.242
1965,2022-06-07,31155.478515625,30842.48
1966,2022-06-08,30214.35546875,30789.717
1967,2022-06-09,30111.998046875,30591.102
1968,2022-06-10,29083.8046875,29979.041
1969,2022-06-11,28360.810546875,29180.816
1970,2022-06-12,26762.6484375,27943.922
1971,2022-06-13,22487.388671875,25423.254
1972,2022-06-14,22206.79296875,23373.379
1973,2022-06-15,22572.83984375,22179.35
1974,2022-06-16,20381.650390625,20877.465
1975,2022-06-17,20471.482421875,20123.371
1976,2022-06-18,19017.642578125,19329.934
1977,2022-06-19,20553.271484375,19378.824
1978,2022-06-20,20599.537109375,19662.344
1979,2022-06-21,20710.59765625,20011.963
1980,2022-06-22,19987.029296875,20082.807
1981,2022-06-23,21085.876953125,20416.766
1982,2022-06-24,21231.656249999996,20730.43
1983,2022-06-25,21502.337890625,21037.861
1984,2022-06-26,21027.294921875,21100.812
1985,2022-06-27,20735.478515625,20979.26
1986,2022-06-28,20280.634765625,20676.904
1987,2022-06-29,20104.0234375,20365.916
1988,2022-06-30,19784.7265625,20043.225
1989,2022-07-01,19269.3671875,19671.072
1990,2022-07-02,19242.255859375,19406.074
1991,2022-07-03,19297.076171875,19247.537
1992,2022-07-04,20231.26171875,19497.803
1993,2022-07-05,20190.115234375,19793.498
1994,2022-07-06,20548.24609375,20149.469
1995,2022-07-07,21637.587890625,20788.85
1996,2022-07-08,21731.1171875,21325.96
1997,2022-07-09,21592.20703125,21658.014
1998,2022-07-10,20860.44921875,21569.275
1999,2022-07-11,19970.556640625,21072.57
2000,2022-07-12,19323.9140625,20363.031
2001,2022-07-13,20212.07421875,20081.482
2002,2022-07-14,20569.919921875,20087.734
2003,2022-07-15,20836.328125,20294.713
2004,2022-07-16,21190.31640625,20647.729
2005,2022-07-17,20779.34375,20828.344
2006,2022-07-18,22485.689453125,21503.217
2007,2022-07-19,23389.43359375,22398.234
2008,2022-07-20,23231.732421875,23049.346
2009,2022-07-21,23164.62890625,23418.162
2010,2022-07-22,22714.978515625,23403.64
2011,2022-07-23,22465.478515625,23158.734
2012,2022-07-24,22609.1640625,22936.717
2013,2022-07-25,21361.701171875,22319.979
2014,2022-07-26,21239.75390625,21764.162
2015,2022-07-27,22930.548828125,21966.303
2016,2022-07-28,23843.886718750004,22625.559
2017,2022-07-29,23804.6328125,23260.305
2018,2022-07-30,23656.20703125,23692.1
2019,2022-07-31,23336.896484375,23821.193
2020,2022-08-01,23314.19921875,23792.01
2021,2022-08-02,22978.1171875,23578.436
2022,2022-08-03,22846.5078125,23306.363
2023,2022-08-04,22630.95703125,22998.951
2024,2022-08-05,23289.314453125,22994.562
2025,2022-08-06,22961.279296875,22939.512
2026,2022-08-07,23175.890625,23010.45
2027,2022-08-08,23809.486328125,23330.24
2028,2022-08-09,23164.318359375,23397.912
2029,2022-08-10,23947.642578125,23684.846
2030,2022-08-11,23957.529296875,23920.44
2031,2022-08-12,24402.818359375,24233.76
2032,2022-08-13,24424.068359375,24464.422
2033,2022-08-14,24319.333984375,24539.318
2034,2022-08-15,24136.97265625,24465.697
2035,2022-08-16,23883.291015625,24281.773
2036,2022-08-17,23335.998046875,23921.34
2037,2022-08-18,23212.73828125,23576.863
2038,2022-08-19,20877.552734375,22519.816
2039,2022-08-20,21166.060546875,21741.822
2040,2022-08-21,21534.12109375,21363.348
2041,2022-08-22,21398.908203125,21176.104
2042,2022-08-23,21528.087890625,21187.727
2043,2022-08-24,21395.01953125,21235.463
2044,2022-08-25,21600.904296875,21382.75
2045,2022-08-26,20260.01953125,21063.406
2046,2022-08-27,20041.73828125,20666.146
2047,2022-08-28,19616.814453125,20199.357
2048,2022-08-29,20297.994140625,20052.383
2049,2022-08-30,19796.80859375,19862.707
2050,2022-08-31,20049.763671875,19827.08
2051,2022-09-01,20127.140625,19877.688
2052,2022-09-02,19969.771484375,19902.562
2053,2022-09-03,19832.087890625,19886.443
2054,2022-09-04,19986.712890625,19922.857
2055,2022-09-05,19812.371093749996,19906.582
2056,2022-09-06,18837.66796875,19571.637
2057,2022-09-07,19290.32421875,19405.395
2058,2022-09-08,19329.833984375,19294.328
2059,2022-09-09,21381.15234375,19907.521
2060,2022-09-10,21680.5390625,20636.053
2061,2022-09-11,21769.255859375,21269.057
2062,2022-09-12,22370.44921875,21916.438
2063,2022-09-13,20296.70703125,21654.938
2064,2022-09-14,20241.08984375,21226.428
2065,2022-09-15,19701.2109375,20618.979
2066,2022-09-16,19772.583984375,20145.977
2067,2022-09-17,20127.576171875,19946.184
2068,2022-09-18,19419.505859375,19667.648
2069,2022-09-19,19544.12890625,19526.752
2070,2022-09-20,18890.7890625,19270.268
2071,2022-09-21,18547.400390625,18979.445
2072,2022-09-22,19413.55078125,19043.992
2073,2022-09-23,19297.638671875,19138.629
2074,2022-09-24,18937.01171875,19126.564
2075,2022-09-25,18802.09765625,19049.691
2076,2022-09-26,19222.671875,19084.824
2077,2022-09-27,19110.546875,19087.719
2078,2022-09-28,19426.720703125,19181.588
2079,2022-09-29,19573.05078125,19333.607
2080,2022-09-30,19431.7890625,19416.938
2081,2022-10-01,19312.095703125,19429.445
2082,2022-10-02,19044.107421875,19339.543
2083,2022-10-03,19623.580078125,19410.54
2084,2022-10-04,20336.84375,19724.346
2085,2022-10-05,20160.716796875,19956.713
2086,2022-10-06,19955.443359375,20059.426
2087,2022-10-07,19546.849609375,19970.41
2088,2022-10-08,19416.568359375,19800.98
2089,2022-10-09,19446.42578125,19656.688
2090,2022-10-10,19141.484375,19447.598
2091,2022-10-11,19051.41796875,19257.25
2092,2022-10-12,19157.4453125,19171.062
2093,2022-10-13,19382.904296875,19209.617
2094,2022-10-14,19185.65625,19212.025
2095,2022-10-15,19067.634765625,19180.93
2096,2022-10-16,19268.09375,19220.19
2097,2022-10-17,19550.7578125,19349.842
2098,2022-10-18,19334.416015625,19399.838
2099,2022-10-19,19139.53515625,19359.023
2100,2022-10-20,19053.740234375,19269.912
2101,2022-10-21,19172.46875,19218.807
2102,2022-10-22,19208.189453125,19192.209
2103,2022-10-23,19567.0078125,19302.252
2104,2022-10-24,19345.572265625,19353.373
2105,2022-10-25,20095.857421875,19626.932
2106,2022-10-26,20770.44140625,20091.113
2107,2022-10-27,20285.8359375,20319.318
2108,2022-10-28,20595.3515625,20538.545
2109,2022-10-29,20818.4765625,20744.16
2110,2022-10-30,20635.603515625,20809.197
2111,2022-10-31,20495.7734375,20764.914
2112,2022-11-01,20485.2734375,20689.287
2113,2022-11-02,20159.50390625,20510.29
2114,2022-11-03,20209.98828125,20370.68
2115,2022-11-04,21147.23046875,20584.846
2116,2022-11-05,21282.69140625,20875.145
2117,2022-11-06,20926.486328125,21013.316
2118,2022-11-07,20602.81640625,20976.084
2119,2022-11-08,18541.271484375,20217.412
2120,2022-11-09,15880.7802734375,18666.428
2121,2022-11-10,17586.771484375,17888.78
2122,2022-11-11,17034.29296875,17285.85
2123,2022-11-12,16799.185546875,16885.133
2124,2022-11-13,16353.365234375,16551.92
2125,2022-11-14,16618.19921875,16451.512
2126,2022-11-15,16884.61328125,16537.855
2127,2022-11-16,16669.439453125,16597.547
2128,2022-11-17,16687.517578125,16660.871
2129,2022-11-18,16697.77734375,16707.83
2130,2022-11-19,16711.546875,16729.18
2131,2022-11-20,16291.83203125,16599.184
2132,2022-11-21,15787.2841796875,16308.961
2133,2022-11-22,16189.76953125,16161.196
2134,2022-11-23,16610.70703125,16200.8125
2135,2022-11-24,16604.46484375,16298.977
2136,2022-11-25,16521.841796875,16390.592
2137,2022-11-26,16464.28125,16457.56
2138,2022-11-27,16444.626953125,16502.992
2139,2022-11-28,16217.322265625,16447.215
2140,2022-11-29,16444.982421875,16429.23
2141,2022-11-30,17168.56640625,16654.057
2142,2022-12-01,16967.1328125,16808.383
2143,2022-12-02,17088.66015625,16954.906
2144,2022-12-03,16908.236328125,16997.906
2145,2022-12-04,17130.486328125,17071.24
2146,2022-12-05,16974.826171875,17077.123
2147,2022-12-06,17089.50390625,17097.53
2148,2022-12-07,16848.126953125,17039.64
2149,2022-12-08,17233.474609375,17097.059
2150,2022-12-09,17133.15234375,17130.664
2151,2022-12-10,17128.724609375,17151.39
2152,2022-12-11,17104.193359375,17152.092
2153,2022-12-12,17206.4375,17183.055
2154,2022-12-13,17781.318359375,17388.703
2155,2022-12-14,17815.650390625,17589.324
2156,2022-12-15,17364.865234375,17605.422
2157,2022-12-16,16647.484375,17354.797
2158,2022-12-17,16795.091796875,17140.7
2159,2022-12-18,16757.9765625,16957.127
2160,2022-12-19,16439.6796875,16738.637
2161,2022-12-20,16906.3046875,16725.066
2162,2022-12-21,16817.53515625,16736.322
2163,2022-12-22,16830.341796875,16774.182
2164,2022-12-23,16796.953125,16804.09
2165,2022-12-24,16847.755859375,16844.914
2166,2022-12-25,16841.986328125,16871.955
2167,2022-12-26,16919.8046875,16910.44
2168,2022-12-27,16717.173828125,16873.338
2169,2022-12-28,16552.572265625,16780.78
2170,2022-12-29,16642.341796875,16717.838
2171,2022-12-30,16602.5859375,16660.338
2172,2022-12-31,16547.49609375,16605.283
2173,2023-01-01,16625.080078125,16594.408
2174,2023-01-02,16688.470703125,16626.17
2175,2023-01-03,16679.857421875,16663.371
2176,2023-01-04,16863.23828125,16747.664
2177,2023-01-05,16836.736328125,16807.258
2178,2023-01-06,16951.96875,16884.25
2179,2023-01-07,16955.078125,16941.273
2180,2023-01-08,17091.14453125,17013.963
2181,2023-01-09,17196.5546875,17102.977
2182,2023-01-10,17446.29296875,17243.492
2183,2023-01-11,17934.896484375,17504.758
2184,2023-01-12,18869.587890625,18010.857
2185,2023-01-13,19909.57421875,18768.74
2186,2023-01-14,20976.298828125,19734.754
2187,2023-01-15,20880.798828125,20463.432
2188,2023-01-16,21169.6328125,21021.744
2189,2023-01-17,21161.51953125,21336.445
2190,2023-01-18,20688.78125,21304.004
2191,2023-01-19,21086.79296875,21291.885
2192,2023-01-20,22676.552734375,21783.555
2193,2023-01-21,22777.625,22280.088
2194,2023-01-22,22720.416015625,22646.031
2195,2023-01-23,22934.431640625,22949.807
2196,2023-01-24,22636.46875,23029.652
2197,2023-01-25,23117.859375,23184.447
2198,2023-01-26,23032.77734375,23255.244
2199,2023-01-27,23078.728515625,23292.334
2200,2023-01-28,23031.08984375,23278.078
2201,2023-01-29,23774.56640625,23502.432
2202,2023-01-30,22840.138671875,23370.975
2203,2023-01-31,23139.283203125,23309.799
2204,2023-02-01,23723.76953125,23468.84
2205,2023-02-02,23471.87109375,23547.46
2206,2023-02-03,23449.322265625,23596.625
2207,2023-02-04,23331.847656249996,23571.969
2208,2023-02-05,22955.666015625,23397.303
2209,2023-02-06,22760.109375,23157.762
2210,2023-02-07,23264.291015625,23129.947
2211,2023-02-08,22939.3984375,23042.936
2212,2023-02-09,21819.0390625,22609.992
2213,2023-02-10,21651.18359375,22173.098
2214,2023-02-11,21870.875,21923.45
2215,2023-02-12,21788.203125,21769.92
2216,2023-02-13,21808.1015625,21711.268
2217,2023-02-14,22220.8046875,21857.63
2218,2023-02-15,24307.841796875,22742.988
2219,2023-02-16,23623.474609375,23324.93
2220,2023-02-17,24565.6015625,24042.068
2221,2023-02-18,24641.27734375,24581.852
2222,2023-02-19,24327.642578125,24768.125
2223,2023-02-20,24829.1484375,24958.47
2224,2023-02-21,24436.353515625,24901.285
2225,2023-02-22,24188.84375,24686.012
2226,2023-02-23,23947.4921875,24386.494
2227,2023-02-24,23198.126953125,23877.5
2228,2023-02-25,23175.375,23469.705
2229,2023-02-26,23561.212890625,23350.898
2230,2023-02-27,23522.87109375,23356.848
2231,2023-02-28,23147.353515625,23296.807
2232,2023-03-01,23646.55078125,23431.611
2233,2023-03-02,23475.466796875,23514.148
2234,2023-03-03,22362.6796875,23179.83
2235,2023-03-04,22353.349609375,22836.451
2236,2023-03-06,22454.66015625,22591.996
2237,2023-03-07,0.0,22437.514
